sampleID;lakeID;Stationsnamn;euk_seq_ids;uni_seq_id;arch_seq_id;fungi_seq_id;bac_seq_id;MD-MVM Id;EU id;Stationskoordinat N/X;Stationskoordinat E/Y;Koordinatsystem;Provtagningsmedium;Program;Delprogram;Projekt;Län;Kommun;Provdatum;Provtagningsår;Provtagningsmånad;Provtagningsdag;Min provdjup (m);Max provdjup (m);N Rows;AbsF254;AbsF365;AbsF420;AbsF436;AlICPAES;AlkAcid;Ca;Cl;F;Fe;K;Kfyll;Kond_25;Mg;Mn;Na;NH4_N;NO2+NO3-N;pH;PO4_P;Si;Siktdjup;SO4_IC;Syrgashalt;TOC;TotN_TNb;TotP;Turb_FNU;Vattentemperatur;Latitude;Longitude;Area;Catchment;Agriculturalkm;Wetlandkm;Urbankm;Grassbarekm;Con_fores;Dec_forest;Forest;Wetland;Water;Agriculture;CLratio;CaKMgNa;SO4Cl;SUVA;logCLratio;;;;;;;;;;;;;;;;;;;;;;;;;;;;;;;;;;;;;;;;;;;;;;;;;;;;;;;;;;;;;;;;;;;;;;;;;;;;;;;;;;;;;;;;;;;;;;;;;;;;;;;;;;;;;;;;;;;;;;;;;;;;;;;;;;;;;;;;;;;;;;;;;;;;;;;;;;;;;;;;;;;;;;;;;;;;;;;;;;;;;;
1;abiskojaure_slu;Abiskojaure;l100e1_CCATAGCA-TAGATCGC_L001_R1_001.fastq.gz;1_S1_L001_R1_001.fastq.gz;Barcode-236-Heli-l100a1_S235_L001_R1_001.fastq.gz;1_S1_L001_R1_001.fastq.gz;Lake_1a_S1_L001_R1_001.fastq.gz;136;SE758208-161749;7581424;650600;SWEREF 99 TM;Sjö;Sötvatten;NMÖ;Sjöar trendstationer;Norrbottens län;Kiruna;18.8.2014;2014;8;18;0.5;0.5;29;0.105;0.02;;;14;0.2;0.219;0.024;;44;0.0154;0.7;3.48;0.052;1.7;0.034;10;;7.32;;0.67;10.25;0.094;9.59;1;75;2.4;0.4;13.4;68.29645;18.6186;2.79;1.125;0;0;0;0;0.66;0;0.697777778;0;0.146666667;0;0.403225806;17.07722527;1.655564943;10.5;0.147127563;;;;;;;;;;;;;;;;;;;;;;;;;;;;;;;;;;;;;;;;;;;;;;;;;;;;;;;;;;;;;;;;;;;;;;;;;;;;;;;;;;;;;;;;;;;;;;;;;;;;;;;;;;;;;;;;;;;;;;;;;;;;;;;;;;;;;;;;;;;;;;;;;;;;;;;;;;;;;;;;;;;;;;;;;;;;;;;;;;;;;;
2;algarydssjon_slu;Älgarydssjön;l100e2_GGTATAGC-TAGATCGC_L001_R1_001.fastq.gz;2_S2_L001_R1_001.fastq.gz;Barcode-237-Heli-l100a2_S236_L001_R1_001.fastq.gz;2_S2_L001_R1_001.fastq.gz;Lake_2_S3_L001_R1_001.fastq.gz;75;SE633989-140731;6337178;456028;SWEREF 99 TM;Sjö;Sötvatten;NMÖ;Sjöar trendstationer;Jönköpings län;Värnamo;12.8.2014;2014;8;12;0.5;0.5;29;2.258;0.526;0.203;0.158;220;0.025;0.111;0.173;0.12;1300;0.0196;13;4.21;0.072;130;0.17;9;3;6.08;;0.19;1.8;0.092;8.4;13.7;571;27.4;1.9;20.6;57.18044;14.27219;0.32;3.905;0.0075;0.1;0;0;3.2075;0;0.869398207;0.025608195;0.020486556;0.001920615;12.203125;19.35577292;5.837847584;16.48175182;1.120676735;;;;;;;;;;;;;;;;;;;;;;;;;;;;;;;;;;;;;;;;;;;;;;;;;;;;;;;;;;;;;;;;;;;;;;;;;;;;;;;;;;;;;;;;;;;;;;;;;;;;;;;;;;;;;;;;;;;;;;;;;;;;;;;;;;;;;;;;;;;;;;;;;;;;;;;;;;;;;;;;;;;;;;;;;;;;;;;;;;;;;;
3;algsjon_slu;Älgsjön;l100e3_GGTTATGC-TAGATCGC_L001_R1_001.fastq.gz;3_S3_L001_R1_001.fastq.gz;Barcode-238-Heli-l100a3_S237_L001_R1_001.fastq.gz;3_S3_L001_R1_001.fastq.gz;Lake_3_S4_L001_R1_001.fastq.gz;77;SE655275-153234;6551428;578455;SWEREF 99 TM;Sjö;Sötvatten;NMÖ;IKEU (Integrerad KalkningsEffektUppföljning);Södermanlands län;Katrineholm;14.8.2014;2014;8;14;0.5;0.5;26;3.165;0.597;0.222;0.171;;0.18;0.26;0.079;0.17;;0.0234;21;5.54;0.154;;0.144;9;;6.64;;3.2;1.2;0.141;6.98;19.7;793;31;3.9;20.5;59.10155;16.37666;0.36;2.345;0;0.7325;0;0;1.065;0.1025;0.560767591;0.312366738;0.126865672;0;6.513888889;32.50058392;3.696323437;16.06598985;0.875864769;;;;;;;;;;;;;;;;;;;;;;;;;;;;;;;;;;;;;;;;;;;;;;;;;;;;;;;;;;;;;;;;;;;;;;;;;;;;;;;;;;;;;;;;;;;;;;;;;;;;;;;;;;;;;;;;;;;;;;;;;;;;;;;;;;;;;;;;;;;;;;;;;;;;;;;;;;;;;;;;;;;;;;;;;;;;;;;;;;;;;;
4;allgjuttern_slu;Allgjuttern;l100e4_TAGGCAAG-TAGATCGC_L001_R1_001.fastq.gz;4_S4_L001_R1_001.fastq.gz;Barcode-239-Heli-l100a4_S238_L001_R1_001.fastq.gz;4_S4_L001_R1_001.fastq.gz;Lake_4_S5_L001_R1_001.fastq.gz;96;SE642489-151724;6423441;564895;SWEREF 99 TM;Sjö;Sötvatten;NMÖ;Sjöar trendstationer;Kalmar län;Västervik;19.8.2014;2014;8;19;0.5;0.5;29;0.818;0.114;0.04;0.03;46;0.084;0.146;0.092;0.22;23;0.0107;1.9;4.02;0.086;3.9;0.122;9;;6.93;;1;5.5;0.123;8.52;7.5;286;3;0.59;18.5;57.95039;16.0879;0.16;2.6425;0;0;0;0;1.9875;0.0075;0.796594134;0;0.15704825;0;16.515625;19.93810992;3.875654232;10.90666667;1.243425639;;;;;;;;;;;;;;;;;;;;;;;;;;;;;;;;;;;;;;;;;;;;;;;;;;;;;;;;;;;;;;;;;;;;;;;;;;;;;;;;;;;;;;;;;;;;;;;;;;;;;;;;;;;;;;;;;;;;;;;;;;;;;;;;;;;;;;;;;;;;;;;;;;;;;;;;;;;;;;;;;;;;;;;;;;;;;;;;;;;;;;
5;alsjon_slu;Alsjön;l100e5_TTGTCCAT-TAGATCGC_L001_R1_001.fastq.gz;5_S5_L001_R1_001.fastq.gz;Barcode-240-Heli-l100a5_S239_L001_R1_001.fastq.gz;5_S5_L001_R1_001.fastq.gz;Lake_5_S6_L001_R1_001.fastq.gz;111;SE647050-130644;6466507;353666;SWEREF 99 TM;Sjö;Sötvatten;NMÖ;Sjöar trendstationer;Västra Götalands län;Grästorp;11.8.2014;2014;8;11;0.5;0.5;26;2.359;0.501;0.2;0.158;190;0.013;0.1;0.252;;350;0.0077;11;4.93;0.091;29;0.225;20;3;5.64;;1.3;;0.081;;14;511;13.3;;21.2;58.31395;12.50264;0.06;3.9875;0;0.1075;0;0;2.7425;0;0.74169279;0.026959248;0.107210031;0;66.45833333;22.45736739;7.951826653;16.85;1.829035607;;;;;;;;;;;;;;;;;;;;;;;;;;;;;;;;;;;;;;;;;;;;;;;;;;;;;;;;;;;;;;;;;;;;;;;;;;;;;;;;;;;;;;;;;;;;;;;;;;;;;;;;;;;;;;;;;;;;;;;;;;;;;;;;;;;;;;;;;;;;;;;;;;;;;;;;;;;;;;;;;;;;;;;;;;;;;;;;;;;;;;
6;amten_slu;Ämten;l100e6_TCTAGGCA-TAGATCGC_L001_R1_001.fastq.gz;6_S6_L001_R1_001.fastq.gz;Barcode-241-Heli-l100a6_S240_L001_R1_001.fastq.gz;6_S6_L001_R1_001.fastq.gz;Lake_6_S7_L001_R1_001.fastq.gz;153;SE661206-147901;6610066;524431;SWEREF 99 TM;Sjö;Sötvatten;NMÖ;Sjöar trendstationer;Örebro län;Lindesberg;13.8.2014;2014;8;13;0.5;0.5;29;6.06;1.55;0.704;0.577;360;0.032;0.104;0.055;0.15;3600;0.0093;55;2.46;0.052;61;0.095;3;7;5.65;4;3.4;0.2;0.012;4.69;30.8;1010;68.4;4.1;19.7;59.62463;15.43691;0.16;1.9425;0;0.0825;0;0;1.455;0;0.765765766;0.042471042;0.191763192;0;12.140625;13.83601962;1.676402883;19.67532468;1.118616022;;;;;;;;;;;;;;;;;;;;;;;;;;;;;;;;;;;;;;;;;;;;;;;;;;;;;;;;;;;;;;;;;;;;;;;;;;;;;;;;;;;;;;;;;;;;;;;;;;;;;;;;;;;;;;;;;;;;;;;;;;;;;;;;;;;;;;;;;;;;;;;;;;;;;;;;;;;;;;;;;;;;;;;;;;;;;;;;;;;;;;
7;baste_trask_slu;Bästeträsk;l100e7_CCATAGCA-CTCTCTAT_L001_R1_001.fastq.gz;7_S7_L001_R1_001.fastq.gz;Barcode-121-Heli-l100a7_S120_L001_R1_001.fastq.gz;7_S7_L001_R1_001.fastq.gz;Lake_7_S8_L001_R1_001.fastq.gz;144;SE642555-168553;6426108;733122;SWEREF 99 TM;Sjö;Sötvatten;NMÖ;Sjöar trendstationer;Gotlands län;Gotland;20.8.2014;2014;8;20;0.5;0.5;28;0.609;0.036;0.011;;15;1.985;1.78;0.187;0.05;;0.0185;0.9;22.2;0.353;0.5;0.161;32;3;8.3;2;1.6;2.8;0.106;;14.4;665;3.9;0.8;17.9;57.89886;18.92848;6.52;7.0725;0.4725;0.0225;0;0;4.075;0.3875;0.762460233;0.003181336;0.048427006;0.066808059;1.084739264;125.3281511;6.378512254;4.229166667;0.319051746;;;;;;;;;;;;;;;;;;;;;;;;;;;;;;;;;;;;;;;;;;;;;;;;;;;;;;;;;;;;;;;;;;;;;;;;;;;;;;;;;;;;;;;;;;;;;;;;;;;;;;;;;;;;;;;;;;;;;;;;;;;;;;;;;;;;;;;;;;;;;;;;;;;;;;;;;;;;;;;;;;;;;;;;;;;;;;;;;;;;;;
8;bjannsjon_slu;Bjännsjön;l100e8_GGTATAGC-CTCTCTAT_L001_R1_001.fastq.gz;8_S8_L001_R1_001.fastq.gz;Barcode-122-Heli-l100a8_S121_L001_R1_001.fastq.gz;8_S8_L001_R1_001.fastq.gz;Lake_8_S9_L001_R1_001.fastq.gz;135;SE713404-172465;7134909;763500;SWEREF 99 TM;Sjö;Sötvatten;NMÖ;Sjöar trendstationer;Västerbottens län;Robertsfors;14.8.2014;2014;8;14;0.5;0.5;28;1.487;0.345;0.129;0.098;110;0.081;0.095;0.034;0.05;1000;0.0104;3.6;2.4;0.057;13;0.059;13;;6.72;3;0.96;2.2;0.054;;8.5;324;10;1.2;20.2;64.2435323;20.42820965;0.41;7.9625;0;0;0;0;4.72;0.0475;0.778963893;0;0.1711146;0;19.42073171;12.26033681;1.521245977;17.49411765;1.3100713;;;;;;;;;;;;;;;;;;;;;;;;;;;;;;;;;;;;;;;;;;;;;;;;;;;;;;;;;;;;;;;;;;;;;;;;;;;;;;;;;;;;;;;;;;;;;;;;;;;;;;;;;;;;;;;;;;;;;;;;;;;;;;;;;;;;;;;;;;;;;;;;;;;;;;;;;;;;;;;;;;;;;;;;;;;;;;;;;;;;;;
9;bjorken_slu;Björken;l100e9_GGTTATGC-CTCTCTAT_L001_R1_001.fastq.gz;9_S9_L001_R1_001.fastq.gz;Barcode-123-Heli-l100a9_S122_L001_R1_001.fastq.gz;9_S9_L001_R1_001.fastq.gz;Lake_9_S10_L001_R1_001.fastq.gz;76;SE652707-159032;6526457;636722;SWEREF 99 TM;Sjö;Sötvatten;NMÖ;Sjöar trendstationer;Södermanlands län;Trosa;6.8.2014;2014;8;6;0.5;0.5;27;1.227;0.182;0.066;0.05;38;0.267;0.226;0.097;0.09;41;0.0232;5.6;5.84;0.169;2.2;0.149;17;;7.47;1;0.71;;0.126;;9.4;385;9.1;0.51;24.3;58.85849;17.35574;1.35;3.575;0.0325;0.58;0;0;2.1275;0.02;0.653146853;0.162237762;0.045454545;0.009090909;2.648148148;32.24990054;4.047928437;13.05319149;0.562072466;;;;;;;;;;;;;;;;;;;;;;;;;;;;;;;;;;;;;;;;;;;;;;;;;;;;;;;;;;;;;;;;;;;;;;;;;;;;;;;;;;;;;;;;;;;;;;;;;;;;;;;;;;;;;;;;;;;;;;;;;;;;;;;;;;;;;;;;;;;;;;;;;;;;;;;;;;;;;;;;;;;;;;;;;;;;;;;;;;;;;;
11;bysjon_slu;Bysjön;l100e11_TAGGCAAG-CTCTCTAT_L001_R1_001.fastq.gz;11_S10_L001_R1_001.fastq.gz;Barcode-124-Heli-l100a11_S123_L001_R1_001.fastq.gz;11_S10_L001_R1_001.fastq.gz;Lake_11_S11_L001_R1_001.fastq.gz;88;SE658086-130264;6576747;348540;SWEREF 99 TM;Sjö;Sötvatten;NMÖ;Sjöar trendstationer;Värmlands län;Årjäng;19.8.2014;2014;8;19;0.5;0.5;28;0.897;0.137;0.05;0.038;38;0.095;0.099;0.143;0.09;120;0.0162;16;3.86;0.071;47;0.161;11;;6.85;;2;3.1;0.061;;6.6;305;15.4;1.8;18.5;59.31241;12.34224;1.18;4.41;0.31;0.11;0;0;2.3925;0.225;0.686507937;0.024943311;0.141156463;0.070294785;3.737288136;18.1963026;4.668870273;13.59090909;0.675529801;;;;;;;;;;;;;;;;;;;;;;;;;;;;;;;;;;;;;;;;;;;;;;;;;;;;;;;;;;;;;;;;;;;;;;;;;;;;;;;;;;;;;;;;;;;;;;;;;;;;;;;;;;;;;;;;;;;;;;;;;;;;;;;;;;;;;;;;;;;;;;;;;;;;;;;;;;;;;;;;;;;;;;;;;;;;;;;;;;;;;;
13;degervattnet_slu;Degervattnet;l100e13_TTGTCCAT-CTCTCTAT_L001_R1_001.fastq.gz;13_S11_L001_R1_001.fastq.gz;Barcode-125-Heli-l100a13_S124_L001_R1_001.fastq.gz;13_S11_L001_R1_001.fastq.gz;Lake_13_S12_L001_R1_001.fastq.gz;112;SE708512-152086;7083426;560401;SWEREF 99 TM;Sjö;Sötvatten;NMÖ;Sjöar trendstationer;Jämtlands län;Strömsund;16.8.2014;2014;8;16;0.5;0.5;28;1.13;0.182;0.065;0.049;31;0.217;0.199;0.029;0.21;92;0.0135;2.3;3.59;0.087;14;0.059;13;12;7.24;;2.3;4.5;0.037;;7.7;232;4.6;0.55;18.9;63.87;16.21955;1.6;199.5775;2.34;14.3775;0.26;0;94.42;6.0125;0.662975536;0.072039684;0.106888302;0.011724769;124.7359375;19.99634671;1.203229528;14.67532468;2.099459424;;;;;;;;;;;;;;;;;;;;;;;;;;;;;;;;;;;;;;;;;;;;;;;;;;;;;;;;;;;;;;;;;;;;;;;;;;;;;;;;;;;;;;;;;;;;;;;;;;;;;;;;;;;;;;;;;;;;;;;;;;;;;;;;;;;;;;;;;;;;;;;;;;;;;;;;;;;;;;;;;;;;;;;;;;;;;;;;;;;;;;
14;djupa_slu;Djupa Holmsjön;l100e14_TCTAGGCA-CTCTCTAT_L001_R1_001.fastq.gz;14_S12_L001_R1_001.fastq.gz;Barcode-126-Heli-l100a14_S125_L001_R1_001.fastq.gz;14_S12_L001_R1_001.fastq.gz;Lake_14_S13_L001_R1_001.fastq.gz;128;SE656263-156963;6561754;615611;SWEREF 99 TM;Sjö;Sötvatten;NMÖ;Sjöar trendstationer;Södermanlands län;Gnesta;6.8.2014;2014;8;6;0.5;0.5;28;2.093;0.383;0.137;0.104;120;0.046;0.108;0.05;0.06;240;0.0125;7.3;2.65;0.062;34;0.073;4;;6.55;2;1.4;3.8;0.059;;13.2;410;7.3;0.73;24;59.18453;17.0246;0.14;0.9875;0;0;0;0;0.2725;0.5025;0.913924051;0;0.035443038;0;7.053571429;13.98289247;2.024636694;15.85606061;0.905988515;;;;;;;;;;;;;;;;;;;;;;;;;;;;;;;;;;;;;;;;;;;;;;;;;;;;;;;;;;;;;;;;;;;;;;;;;;;;;;;;;;;;;;;;;;;;;;;;;;;;;;;;;;;;;;;;;;;;;;;;;;;;;;;;;;;;;;;;;;;;;;;;;;;;;;;;;;;;;;;;;;;;;;;;;;;;;;;;;;;;;;
15;dunnervattnet_slu;Dunnervattnet;l100e15_CCATAGCA-TATCCTCT_L001_R1_001.fastq.gz;15_S13_L001_R1_001.fastq.gz;Barcode-127-Heli-l100a15_S126_L001_R1_001.fastq.gz;15_S13_L001_R1_001.fastq.gz;Lake_15_S14_L001_R1_001.fastq.gz;139;SE713131-144608;7128648;485073;SWEREF 99 TM;Sjö;Sötvatten;NMÖ;Sjöar trendstationer;Jämtlands län;Krokom;17.8.2014;2014;8;17;0.5;0.5;28;0.896;0.17;0.065;0.05;50;0.1;0.099;0.032;0.05;51;0.0102;1.5;2.22;0.038;4.1;0.046;9;;6.99;;1.2;5;0.023;;5.4;152;2.5;0.28;17;64.28466;14.64951;2.67;3.4225;0.0175;0.015;0;0;1.82;0.28;0.785244704;0.004382761;0.030679328;0.005113221;1.281835206;10.32685927;1.142113518;16.59259259;0.358284276;;;;;;;;;;;;;;;;;;;;;;;;;;;;;;;;;;;;;;;;;;;;;;;;;;;;;;;;;;;;;;;;;;;;;;;;;;;;;;;;;;;;;;;;;;;;;;;;;;;;;;;;;;;;;;;;;;;;;;;;;;;;;;;;;;;;;;;;;;;;;;;;;;;;;;;;;;;;;;;;;;;;;;;;;;;;;;;;;;;;;;
16;edasjon_slu;Edasjön;l100e16_GGTATAGC-TATCCTCT_L001_R1_001.fastq.gz;16_S14_L001_R1_001.fastq.gz;Barcode-219-Heli-l100aasa2_S218_L001_R1_001.fastq.gz;16_S14_L001_R1_001.fastq.gz;Lake_16_S15_L001_R1_001.fastq.gz;55;SE663365-161779;6633334;662893;SWEREF 99 TM;Sjö;Sötvatten;NMÖ;Sjöar trendstationer;Uppsala län;Knivsta;18.8.2014;2014;8;18;0.5;0.5;29;2.035;0.324;0.119;0.091;20;1.028;1;0.252;0.15;250;0.035;42;14.4;0.217;55;0.267;8;;7.37;;4.2;1.6;0.102;8.55;16.5;827;75.8;4.9;20.1;59.80183;17.89965;0.19;1.1425;0;0;0;0;0.595;0.0425;0.717724289;0;0.221006565;0;6.013157895;80.25448011;8.170440019;12.33333333;0.845913617;;;;;;;;;;;;;;;;;;;;;;;;;;;;;;;;;;;;;;;;;;;;;;;;;;;;;;;;;;;;;;;;;;;;;;;;;;;;;;;;;;;;;;;;;;;;;;;;;;;;;;;;;;;;;;;;;;;;;;;;;;;;;;;;;;;;;;;;;;;;;;;;;;;;;;;;;;;;;;;;;;;;;;;;;;;;;;;;;;;;;;
17;ekholmssjon_slu;Ekholmssjön;l100e17_GGTTATGC-TATCCTCT_L001_R1_001.fastq.gz;17_S15_L001_R1_001.fastq.gz;Barcode-129-Heli-l100a17_S128_L001_R1_001.fastq.gz;17_S15_L001_R1_001.fastq.gz;Lake_17_S16_L001_R1_001.fastq.gz;148;SE663907-156927;6638162;614324;SWEREF 99 TM;Sjö;Sötvatten;NMÖ;Sjöar trendstationer;Uppsala län;Heby;11.8.2014;2014;8;11;0.5;0.5;28;1.474;0.221;0.08;0.061;26;0.418;0.45;0.074;0.14;230;0.0206;7.9;7.22;0.138;38;0.12;9;2;7.22;1;0.83;3.2;0.143;;11.1;467;21.6;1.3;23.8;59.86707;17.05286;0.57;6.5825;0.2025;0.11;0;0;4.5275;0.015;0.726547664;0.016710976;0.193695404;0.030763388;11.54824561;39.55028897;3.576100034;13.27927928;1.098583011;;;;;;;;;;;;;;;;;;;;;;;;;;;;;;;;;;;;;;;;;;;;;;;;;;;;;;;;;;;;;;;;;;;;;;;;;;;;;;;;;;;;;;;;;;;;;;;;;;;;;;;;;;;;;;;;;;;;;;;;;;;;;;;;;;;;;;;;;;;;;;;;;;;;;;;;;;;;;;;;;;;;;;;;;;;;;;;;;;;;;;
18;fagertarn_slu;Fagertärn;l100e18_TAGGCAAG-TATCCTCT_L001_R1_001.fastq.gz;18_S16_L001_R1_001.fastq.gz;Barcode-130-Heli-l100a18_S129_L001_R1_001.fastq.gz;18_S16_L001_R1_001.fastq.gz;Lake_18_S17_L001_R1_001.fastq.gz;131;SE651558-143620;6513117;482808;SWEREF 99 TM;Sjö;Sötvatten;NMÖ;Sjöar trendstationer;Örebro län;Askersund;12.8.2014;2014;8;12;0.5;0.5;29;1.726;0.338;0.131;0.102;100;0.042;0.098;0.092;0.06;340;0.0078;13;2.77;0.05;32;0.104;17;2;6.3;;0.45;1.8;0.055;9.2;10.8;381;15.5;0.9;20.5;58.76187;14.70063;0.19;0.7375;0;0;0;0;0.425;0;0.674576271;0;0.220338983;0;3.881578947;13.72525612;3.167763331;15.98148148;0.688560317;;;;;;;;;;;;;;;;;;;;;;;;;;;;;;;;;;;;;;;;;;;;;;;;;;;;;;;;;;;;;;;;;;;;;;;;;;;;;;;;;;;;;;;;;;;;;;;;;;;;;;;;;;;;;;;;;;;;;;;;;;;;;;;;;;;;;;;;;;;;;;;;;;;;;;;;;;;;;;;;;;;;;;;;;;;;;;;;;;;;;;
19;fiolen_slu;Fiolen;l100e19_TTGTCCAT-TATCCTCT_L001_R1_001.fastq.gz;19_S17_L001_R1_001.fastq.gz;Barcode-131-Heli-l100a19_S130_L001_R1_001.fastq.gz;19_S17_L001_R1_001.fastq.gz;Lake_19_S18_L001_R1_001.fastq.gz;84;SE633025-142267;6327724;471494;SWEREF 99 TM;Sjö;Sötvatten;NMÖ;Sjöar trendstationer;Kronobergs län;Alvesta;21.8.2014;2014;8;21;0.5;0.5;29;0.959;0.148;0.054;0.041;21;0.114;0.144;0.161;0.07;310;0.0386;21;5.28;0.084;75;0.159;10;;6.8;;0.18;3.1;0.093;10;8.6;465;22.5;1.8;16.9;57.08374;14.53085;1.55;0.665;0.12;0.005;0;0;0.1925;0.045;0.421052632;0.007518797;0.259398496;0.180451128;0.429032258;21.99678621;5.509752808;11.15116279;0.155042032;;;;;;;;;;;;;;;;;;;;;;;;;;;;;;;;;;;;;;;;;;;;;;;;;;;;;;;;;;;;;;;;;;;;;;;;;;;;;;;;;;;;;;;;;;;;;;;;;;;;;;;;;;;;;;;;;;;;;;;;;;;;;;;;;;;;;;;;;;;;;;;;;;;;;;;;;;;;;;;;;;;;;;;;;;;;;;;;;;;;;;
20;fjarasjon_slu;Fjärasjö;l100e20_TCTAGGCA-TATCCTCT_L001_R1_001.fastq.gz;20_S18_L001_R1_001.fastq.gz;Barcode-132-Heli-l100a20_S131_L001_R1_001.fastq.gz;20_S18_L001_R1_001.fastq.gz;Lake_20_S19_L001_R1_001.fastq.gz;121;SE638725-146677;6385218;514896;SWEREF 99 TM;Sjö;Sötvatten;NMÖ;Sjöar trendstationer;Jönköpings län;Eksjö;19.8.2014;2014;8;19;0.5;0.5;29;1.338;0.208;0.073;0.055;49;0.144;0.216;0.148;0.2;160;0.0128;6.1;5.54;0.117;62;0.162;6;;6.99;;1.4;3.25;0.127;7.9;10.2;420;8.5;1.2;17.8;57.60652;15.2567;0.32;0.375;0;0;0;0;0.3325;0;0.886666667;0;0.066666667;0;1.171875;27.77406134;5.496984577;13.11764706;0.336834826;;;;;;;;;;;;;;;;;;;;;;;;;;;;;;;;;;;;;;;;;;;;;;;;;;;;;;;;;;;;;;;;;;;;;;;;;;;;;;;;;;;;;;;;;;;;;;;;;;;;;;;;;;;;;;;;;;;;;;;;;;;;;;;;;;;;;;;;;;;;;;;;;;;;;;;;;;;;;;;;;;;;;;;;;;;;;;;;;;;;;;
21;frasksjon_slu;Fräcksjön;l100e21_CCATAGCA-AGAGTAGA_L001_R1_001.fastq.gz;21_S19_L001_R1_001.fastq.gz;Barcode-133-Heli-l100a21_S132_L001_R1_001.fastq.gz;21_S19_L001_R1_001.fastq.gz;Lake_21_S20_L001_R1_001.fastq.gz;118;SE645289-128665;6448672;334101;SWEREF 99 TM;Sjö;Sötvatten;NMÖ;IKEU (Integrerad KalkningsEffektUppföljning);Västra Götalands län;Trollhättan;11.8.2014;2014;8;11;0.5;0.5;26;1.74;0.322;0.117;0.089;;0.097;0.149;0.26;0.07;;0.0194;3.2;5.78;0.087;;0.263;20;;6.67;;1.6;2.9;0.083;8.25;11.3;360;10.9;0.72;21.8;58.15533;12.1808;0.26;2.965;0;0.11;0;0;1.5375;0.015;0.697301855;0.037099494;0.256323777;0;11.40384615;26.5256551;8.198316931;15.39823009;1.093556371;;;;;;;;;;;;;;;;;;;;;;;;;;;;;;;;;;;;;;;;;;;;;;;;;;;;;;;;;;;;;;;;;;;;;;;;;;;;;;;;;;;;;;;;;;;;;;;;;;;;;;;;;;;;;;;;;;;;;;;;;;;;;;;;;;;;;;;;;;;;;;;;;;;;;;;;;;;;;;;;;;;;;;;;;;;;;;;;;;;;;;
22;fyrson_slu;Fyrsjön;l100e22_GGTATAGC-AGAGTAGA_L001_R1_001.fastq.gz;22_S20_L001_R1_001.fastq.gz;Barcode-134-Heli-l100a22_S133_L001_R1_001.fastq.gz;22_S20_L001_R1_001.fastq.gz;Lake_22_S21_L001_R1_001.fastq.gz;74;SE704082-148125;7038648;521368;SWEREF 99 TM;Sjö;Sötvatten;NMÖ;Sjöar trendstationer;Jämtlands län;Strömsund;16.8.2014;2014;8;16;0.5;0.5;28;0.907;0.133;0.045;0.033;21;0.932;0.928;0.026;0.08;72;0.0087;2.7;10.2;0.091;50;0.051;7;11;7.78;;1.6;4;0.057;;6.7;217;5.7;1.1;18.1;63.50775361;15.43726706;13.19;101.2625;0.0275;13.3975;0;8.95;37.2125;19.805;0.643204543;0.132304654;0.072633008;0.000271571;7.677217589;56.23180006;1.326806501;13.53731343;0.938380488;;;;;;;;;;;;;;;;;;;;;;;;;;;;;;;;;;;;;;;;;;;;;;;;;;;;;;;;;;;;;;;;;;;;;;;;;;;;;;;;;;;;;;;;;;;;;;;;;;;;;;;;;;;;;;;;;;;;;;;;;;;;;;;;;;;;;;;;;;;;;;;;;;;;;;;;;;;;;;;;;;;;;;;;;;;;;;;;;;;;;;
23;fysingen_slu;Fysingen;l100e23_GGTTATGC-AGAGTAGA_L001_R1_001.fastq.gz;23_S21_L001_R1_001.fastq.gz;Barcode-135-Heli-l100a23_S134_L001_R1_001.fastq.gz;23_S21_L001_R1_001.fastq.gz;Lake_23_S22_L001_R1_001.fastq.gz;140;SE660749-161885;6607195;664270;SWEREF 99 TM;Sjö;Sötvatten;NMÖ;Sjöar trendstationer;Stockholms län;Sigtuna;13.8.2014;2014;8;13;0.5;0.5;28;0.94;0.103;0.034;0.025;190;2.37;2.93;1.071;0.52;190;0.15;16;51.3;0.951;360;1.17;32;20;8.03;;1.2;1.1;1.668;;12.2;712;31.6;7.3;21.6;59.5653;17.92388;4.76;11.45;6.805;0;0.015;0;0.425;1.71;0.217030568;0;0.178165939;0.594323144;2.405462185;279.1428308;47.57571299;7.704918033;0.532176062;;;;;;;;;;;;;;;;;;;;;;;;;;;;;;;;;;;;;;;;;;;;;;;;;;;;;;;;;;;;;;;;;;;;;;;;;;;;;;;;;;;;;;;;;;;;;;;;;;;;;;;;;;;;;;;;;;;;;;;;;;;;;;;;;;;;;;;;;;;;;;;;;;;;;;;;;;;;;;;;;;;;;;;;;;;;;;;;;;;;;;
24;gatejaure_slu;Gåtejaure;l100e24_TAGGCAAG-AGAGTAGA_L001_R1_001.fastq.gz;24_S22_L001_R1_001.fastq.gz;Barcode-136-Heli-l100a24_S135_L001_R1_001.fastq.gz;24_S22_L001_R1_001.fastq.gz;Lake_24_S23_L001_R1_001.fastq.gz;160;SE698735-139620;6984138;437034;SWEREF 99 TM;Sjö;Sötvatten;NMÖ;Sjöar trendstationer;Jämtlands län;Berg;9.8.2014;2014;8;9;0.5;0.5;28;0.114;0.019;;;11;0.048;0.03;0.01;;14;0.0035;0.8;0.96;0.035;5.2;0.02;5;;6.64;;0.8;9;0.027;;1.3;60;3.4;0.32;16.2;62.97972;13.74572;0.55;1.8225;0;0.0575;0;0;1.27;0;0.766803841;0.031550069;0.115226337;0;3.313636364;5.334752982;0.563161776;8.769230769;0.634843532;;;;;;;;;;;;;;;;;;;;;;;;;;;;;;;;;;;;;;;;;;;;;;;;;;;;;;;;;;;;;;;;;;;;;;;;;;;;;;;;;;;;;;;;;;;;;;;;;;;;;;;;;;;;;;;;;;;;;;;;;;;;;;;;;;;;;;;;;;;;;;;;;;;;;;;;;;;;;;;;;;;;;;;;;;;;;;;;;;;;;;
25;gipsjon_slu;Gipsjön;l100e25_TTGTCCAT-AGAGTAGA_L001_R1_001.fastq.gz;25_S23_L001_R1_001.fastq.gz;Barcode-137-Heli-l100a25_S136_L001_R1_001.fastq.gz;25_S23_L001_R1_001.fastq.gz;Lake_25_S24_L001_R1_001.fastq.gz;58;SE672729-138082;6724037;424887;SWEREF 99 TM;Sjö;Sötvatten;NMÖ;Sjöar trendstationer;Dalarnas län;Malung-Sälen;14.8.2014;2014;8;14;0.5;0.5;28;2.216;0.502;0.197;0.155;140;0.015;0.047;0.034;;720;0.0056;13;1.46;0.028;91;0.048;9;;5.87;;1.3;1.7;0.019;;10.8;333;9.9;1.1;18.3;60.65099;13.62204;0.74;1.255;0.0525;0.01;0;0;0.6925;0.14;0.75498008;0.007968127;0.147410359;0.041832669;1.695945946;6.879027755;1.156890366;20.51851852;0.43071118;;;;;;;;;;;;;;;;;;;;;;;;;;;;;;;;;;;;;;;;;;;;;;;;;;;;;;;;;;;;;;;;;;;;;;;;;;;;;;;;;;;;;;;;;;;;;;;;;;;;;;;;;;;;;;;;;;;;;;;;;;;;;;;;;;;;;;;;;;;;;;;;;;;;;;;;;;;;;;;;;;;;;;;;;;;;;;;;;;;;;;
26;glimmingen_slu;Glimmingen;l100e26_TCTAGGCA-AGAGTAGA_L001_R1_001.fastq.gz;26_S24_L001_R1_001.fastq.gz;Barcode-138-Heli-l100a26_S137_L001_R1_001.fastq.gz;26_S24_L001_R1_001.fastq.gz;;156;SE642380-148610;6421980;533782;SWEREF 99 TM;Sjö;Sötvatten;NMÖ;Sjöar trendstationer;Östergötlands län;Kinda;21.8.2014;2014;8;21;0.5;0.5;28;0.716;0.089;0.03;0.023;18;0.229;0.27;0.113;0.25;17;0.0154;4.4;5.54;0.092;4.4;0.142;8;;7.31;2;1.9;4.3;0.115;;6.9;270;4.2;0.48;18.13;57.93325;15.57243;1.62;7.86;0;0.3225;0;0;6.4025;0;0.81456743;0.041030534;0.144402036;0;4.851851852;27.60930378;4.384756589;10.37681159;0.767293323;;;;;;;;;;;;;;;;;;;;;;;;;;;;;;;;;;;;;;;;;;;;;;;;;;;;;;;;;;;;;;;;;;;;;;;;;;;;;;;;;;;;;;;;;;;;;;;;;;;;;;;;;;;;;;;;;;;;;;;;;;;;;;;;;;;;;;;;;;;;;;;;;;;;;;;;;;;;;;;;;;;;;;;;;;;;;;;;;;;;;;
27;gosjon_slu;Gosjön;l100e27_CCATAGCA-GTAAGGAG_L001_R1_001.fastq.gz;27_S25_L001_R1_001.fastq.gz;Barcode-139-Heli-l100a27_S138_L001_R1_001.fastq.gz;27_S25_L001_R1_001.fastq.gz;Lake_27_S25_L001_R1_001.fastq.gz;133;SE677506-156174;6774007;605132;SWEREF 99 TM;Sjö;Sötvatten;NMÖ;Sjöar trendstationer;Gävleborgs län;Söderhamn;14.8.2014;2014;8;14;0.5;0.5;28;2.623;0.563;0.208;0.159;69;0.105;0.126;0.041;0.11;1500;0.0156;11;2.81;0.054;120;0.093;51;;6.43;;1.2;1.5;0.03;;15;540;29.8;2;20.2;61.08619;16.94262;0.39;28.1025;0.5425;0;0;0;18.8825;0.3025;0.755181923;0;0.134418646;0.019304332;72.05769231;15.17242867;1.468863343;17.48666667;1.86366595;;;;;;;;;;;;;;;;;;;;;;;;;;;;;;;;;;;;;;;;;;;;;;;;;;;;;;;;;;;;;;;;;;;;;;;;;;;;;;;;;;;;;;;;;;;;;;;;;;;;;;;;;;;;;;;;;;;;;;;;;;;;;;;;;;;;;;;;;;;;;;;;;;;;;;;;;;;;;;;;;;;;;;;;;;;;;;;;;;;;;;
28;granvattnet_slu;Granvattnet;l100e28_GGTATAGC-GTAAGGAG_L001_R1_001.fastq.gz;28_S26_L001_R1_001.fastq.gz;Barcode-140-Heli-l100a28_S139_L001_R1_001.fastq.gz;28_S26_L001_R1_001.fastq.gz;Lake_28_S26_L001_R1_001.fastq.gz;93;SE646293-126302;6458422;310367;SWEREF 99 TM;Sjö;Sötvatten;NMÖ;Sjöar trendstationer;Västra Götalands län;Orust;13.8.2014;2014;8;13;0.5;0.5;28;1.101;0.191;0.069;0.053;68;0.088;0.109;0.341;0.09;750;0.0203;10;6.75;0.096;100;0.355;6;4;6.54;;0.15;2;0.093;;10.3;482;19.8;3.1;20.2;58.22593;11.77837;0.2;3.0875;0;0.3075;0;0;1.6975;0.02;0.660728745;0.099595142;0.178947368;0;15.4375;29.29453649;10.58732686;10.68932039;1.215835766;;;;;;;;;;;;;;;;;;;;;;;;;;;;;;;;;;;;;;;;;;;;;;;;;;;;;;;;;;;;;;;;;;;;;;;;;;;;;;;;;;;;;;;;;;;;;;;;;;;;;;;;;;;;;;;;;;;;;;;;;;;;;;;;;;;;;;;;;;;;;;;;;;;;;;;;;;;;;;;;;;;;;;;;;;;;;;;;;;;;;;
29;grissjon_slu;Grissjön;l100e29_GGTTATGC-GTAAGGAG_L001_R1_001.fastq.gz;29_S27_L001_R1_001.fastq.gz;Barcode-141-Heli-l100a29_S140_L001_R1_001.fastq.gz;29_S27_L001_R1_001.fastq.gz;Lake_29_S27_L001_R1_001.fastq.gz;110;SE651578-146163;6513623;508222;SWEREF 99 TM;Sjö;Sötvatten;NMÖ;Sjöar trendstationer;Östergötlands län;Motala;18.8.2014;2014;8;18;0.5;0.5;28;1.621;0.317;0.12;0.092;170;0.021;0.086;0.082;0.07;180;0.0099;12;2.91;0.043;20;0.095;15;;6.28;;1;2.5;0.064;;11.8;434;8.6;1.7;18.9;58.76849;15.14082;0.24;0.85;0;0;0;0;0.285;0.0275;0.885294118;0;0.091176471;0;3.541666667;12.21302971;2.979367327;13.73728814;0.657215256;;;;;;;;;;;;;;;;;;;;;;;;;;;;;;;;;;;;;;;;;;;;;;;;;;;;;;;;;;;;;;;;;;;;;;;;;;;;;;;;;;;;;;;;;;;;;;;;;;;;;;;;;;;;;;;;;;;;;;;;;;;;;;;;;;;;;;;;;;;;;;;;;;;;;;;;;;;;;;;;;;;;;;;;;;;;;;;;;;;;;;
30;hagasjon_slu;Hagasjön;l100e30_TAGGCAAG-GTAAGGAG_L001_R1_001.fastq.gz;30_S28_L001_R1_001.fastq.gz;Barcode-142-Heli-l100a30_S141_L001_R1_001.fastq.gz;30_S28_L001_R1_001.fastq.gz;Lake_30_S28_L001_R1_001.fastq.gz;130;SE635878-137392;6355662;422434;SWEREF 99 TM;Sjö;Sötvatten;NMÖ;Sjöar trendstationer;Jönköpings län;Gnosjö;12.8.2014;2014;8;12;0.5;0.5;29;1.632;0.312;0.117;0.091;34;0.101;0.152;0.146;0.07;350;0.0205;6.7;4.16;0.075;120;0.145;14;2;6.67;;0.87;3.1;0.064;8.1;10.5;367;11.4;1.3;20.6;57.33474;13.7119;0.11;5.015;0.08;0.03;0;0;1.4825;0.92;0.701894317;0.005982054;0.204885344;0.015952144;45.59090909;20.58398021;4.784726988;15.54285714;1.668301185;;;;;;;;;;;;;;;;;;;;;;;;;;;;;;;;;;;;;;;;;;;;;;;;;;;;;;;;;;;;;;;;;;;;;;;;;;;;;;;;;;;;;;;;;;;;;;;;;;;;;;;;;;;;;;;;;;;;;;;;;;;;;;;;;;;;;;;;;;;;;;;;;;;;;;;;;;;;;;;;;;;;;;;;;;;;;;;;;;;;;;
31;hallsjon_slu;Hällsjön;l100e31_TTGTCCAT-GTAAGGAG_L001_R1_001.fastq.gz;31_S29_L001_R1_001.fastq.gz;Barcode-143-Heli-l100a31_S142_L001_R1_001.fastq.gz;31_S29_L001_R1_001.fastq.gz;Lake_31_S29_L001_R1_001.fastq.gz;57;SE667151-149602;6669695;540709;SWEREF 99 TM;Sjö;Sötvatten;NMÖ;Sjöar trendstationer;Dalarnas län;Smedjebacken;25.8.2014;2014;8;25;0.5;0.5;28;1.343;0.204;0.071;0.054;53;0.06;0.097;0.04;0.09;150;0.0122;3.4;2.4;0.047;18;0.072;8;;6.5;1;1.2;4.5;0.058;;10;319;6.7;0.59;17.7;60.15981;15.73706;0.21;30.9475;0;0.97;0;26.82;0.2475;0.4925;0.023911463;0.031343404;0.078116164;0;147.3690476;12.14926783;1.732139087;13.43;2.171343309;;;;;;;;;;;;;;;;;;;;;;;;;;;;;;;;;;;;;;;;;;;;;;;;;;;;;;;;;;;;;;;;;;;;;;;;;;;;;;;;;;;;;;;;;;;;;;;;;;;;;;;;;;;;;;;;;;;;;;;;;;;;;;;;;;;;;;;;;;;;;;;;;;;;;;;;;;;;;;;;;;;;;;;;;;;;;;;;;;;;;;
32;harasjon_slu;Harasjön;l100e32_TCTAGGCA-GTAAGGAG_L001_R1_001.fastq.gz;32_S30_L001_R1_001.fastq.gz;Barcode-144-Heli-l100a32_S143_L001_R1_001.fastq.gz;32_S30_L001_R1_001.fastq.gz;Lake_32_S30_L001_R1_001.fastq.gz;71;SE632231-136476;6319106;413711;SWEREF 99 TM;Sjö;Sötvatten;NMÖ;Sjöar trendstationer;Hallands län;Hylte;13.8.2014;2014;8;13;0.5;0.5;29;4.427;1.19;0.486;0.382;230;0.023;0.101;0.191;0.1;2800;0.0141;7.1;4.46;0.076;430;0.181;16;;5.85;;2.3;0.7;0.076;7.69;18.1;592;27.9;2.3;19.7;57.01402;13.59363;0.57;0.4375;0.0325;0;0;0;0.2225;0;0.594285714;0;0.257142857;0.074285714;0.76754386;19.52352223;6.179042424;24.45856354;0.247370199;;;;;;;;;;;;;;;;;;;;;;;;;;;;;;;;;;;;;;;;;;;;;;;;;;;;;;;;;;;;;;;;;;;;;;;;;;;;;;;;;;;;;;;;;;;;;;;;;;;;;;;;;;;;;;;;;;;;;;;;;;;;;;;;;;;;;;;;;;;;;;;;;;;;;;;;;;;;;;;;;;;;;;;;;;;;;;;;;;;;;;
33;harsvattnet_slu;Härsvatten;l100e33_CCATAGCA-ACTGCATA_L001_R1_001.fastq.gz;33_S31_L001_R1_001.fastq.gz;Barcode-145-Heli-l100a33_S144_L001_R1_001.fastq.gz;33_S31_L001_R1_001.fastq.gz;Lake_33_S31_L001_R1_001.fastq.gz;1948;SE643914-127698;6434816;324602;SWEREF 99 TM;Sjö;Sötvatten;NMÖ;IKEU (Integrerad KalkningsEffektUppföljning);Västra Götalands län;Stenungsund;12.8.2014;2014;8;12;0.5;0.5;25;0.316;0.054;0.019;0.015;;-0.002;0.022;0.278;;;0.0099;2.4;4.44;0.053;;0.256;11;6;5.54;;0.34;6;0.063;;3.8;193;3.6;0.8;21;58.02442;12.03316;0.184;2.065;0;0;0;0;1.205;0.02;0.650121065;0;0.185230024;0;11.22282609;16.84483016;8.49787113;8.315789474;1.087171633;;;;;;;;;;;;;;;;;;;;;;;;;;;;;;;;;;;;;;;;;;;;;;;;;;;;;;;;;;;;;;;;;;;;;;;;;;;;;;;;;;;;;;;;;;;;;;;;;;;;;;;;;;;;;;;;;;;;;;;;;;;;;;;;;;;;;;;;;;;;;;;;;;;;;;;;;;;;;;;;;;;;;;;;;;;;;;;;;;;;;;
34;havgardssjon_slu;Havgårdssjön;l100e34_GGTATAGC-ACTGCATA_L001_R1_001.fastq.gz;34_S32_L001_R1_001.fastq.gz;Barcode-146-Heli-l100a34_S145_L001_R1_001.fastq.gz;34_S32_L001_R1_001.fastq.gz;Lake_34_S32_L001_R1_001.fastq.gz;145;SE615365-134524;6150322;396176;SWEREF 99 TM;Sjö;Sötvatten;NMÖ;Sjöar trendstationer;Skåne län;Svedala;25.8.2014;2014;8;25;0.5;0.5;29;0.737;0.09;0.038;0.03;66;2.259;2.08;0.462;0.26;110;0.0671;50;29.4;0.422;88;0.41;41;22;8.39;;;1.2;0.237;11.1;13.1;1220;68.6;9.2;16.4;55.48314;13.3578;0.5;0.87;0.0075;0;0;0;0.42;0.17;0.772988506;0;0.218390805;0.00862069;1.74;158.0463159;15.49964805;5.625954198;0.437750563;;;;;;;;;;;;;;;;;;;;;;;;;;;;;;;;;;;;;;;;;;;;;;;;;;;;;;;;;;;;;;;;;;;;;;;;;;;;;;;;;;;;;;;;;;;;;;;;;;;;;;;;;;;;;;;;;;;;;;;;;;;;;;;;;;;;;;;;;;;;;;;;;;;;;;;;;;;;;;;;;;;;;;;;;;;;;;;;;;;;;;
35;hinnasjon_slu;Hinnasjön;l100e35_GGTTATGC-ACTGCATA_L001_R1_001.fastq.gz;35_S33_L001_R1_001.fastq.gz;Barcode-147-Heli-l100a35_S146_L001_R1_001.fastq.gz;35_S33_L001_R1_001.fastq.gz;Lake_35_S33_L001_R1_001.fastq.gz;91;SE630605-144655;6303819;495647;SWEREF 99 TM;Sjö;Sötvatten;NMÖ;Sjöar trendstationer;Kronobergs län;Växjö;20.8.2014;2014;8;20;0.5;0.5;28;2.976;0.683;0.268;0.209;150;0.088;0.179;0.292;0.23;1400;0.019;12;7.1;0.125;260;0.323;49;3;6.41;;0.96;1.2;0.145;;17.2;673;20;2.7;16.1;56.88417;14.92334;0.26;3.9825;0;0.0025;0.02;0;1.9325;0.08;0.745762712;0.000627746;0.129315756;0;15.31730769;33.74726127;9.746426701;17.30232558;1.212648503;;;;;;;;;;;;;;;;;;;;;;;;;;;;;;;;;;;;;;;;;;;;;;;;;;;;;;;;;;;;;;;;;;;;;;;;;;;;;;;;;;;;;;;;;;;;;;;;;;;;;;;;;;;;;;;;;;;;;;;;;;;;;;;;;;;;;;;;;;;;;;;;;;;;;;;;;;;;;;;;;;;;;;;;;;;;;;;;;;;;;;
36;hjartsjon_slu;Hjärtsjön;l100e36_TAGGCAAG-ACTGCATA_L001_R1_001.fastq.gz;36_S34_L001_R1_001.fastq.gz;Barcode-148-Heli-l100a36_S147_L001_R1_001.fastq.gz;36_S34_L001_R1_001.fastq.gz;Lake_36_S34_L001_R1_001.fastq.gz;83;SE632515-146675;6323148;515611;SWEREF 99 TM;Sjö;Sötvatten;NMÖ;Sjöar trendstationer;Kronobergs län;Uppvidinge;20.8.2014;2014;8;20;0.5;0.5;28;0.266;0.035;0.013;;39;0.01;0.061;0.124;0.08;37;0.0135;1.9;3.22;0.044;13;0.139;13;5;6.12;;0.58;;0.108;;4;222;4.2;1.2;17.4;57.0535;15.24298;1.28;20.2325;1.69;0.925;0.2025;0;10.58;0.0975;0.643642654;0.045718522;0.135178549;0.083528976;15.80664063;13.05370877;4.622181658;6.65;1.225480914;;;;;;;;;;;;;;;;;;;;;;;;;;;;;;;;;;;;;;;;;;;;;;;;;;;;;;;;;;;;;;;;;;;;;;;;;;;;;;;;;;;;;;;;;;;;;;;;;;;;;;;;;;;;;;;;;;;;;;;;;;;;;;;;;;;;;;;;;;;;;;;;;;;;;;;;;;;;;;;;;;;;;;;;;;;;;;;;;;;;;;
37;hokesjon_slu;Hökesjön;l100e37_TTGTCCAT-ACTGCATA_L001_R1_001.fastq.gz;37_S35_L001_R1_001.fastq.gz;Barcode-149-Heli-l100a37_S148_L001_R1_001.fastq.gz;37_S35_L001_R1_001.fastq.gz;Lake_37_S35_L001_R1_001.fastq.gz;95;SE639047-149701;6388795;545084;SWEREF 99 TM;Sjö;Sötvatten;NMÖ;Sjöar trendstationer;Kalmar län;Vimmerby;13.8.2014;2014;8;13;0.5;0.5;28;0.439;0.049;0.017;0.013;7;0.144;0.197;0.106;0.24;14;0.0119;2.1;4.46;0.071;18;0.125;9;1;7.19;1;0.96;6.6;0.107;;5.6;265;4.5;0.49;21.3;57.64559;15.75832;0.51;55.345;0.08;11.585;0.1225;0;21.4575;1.5725;0.636597705;0.209323335;0.070060529;0.001445478;108.5196078;21.41064952;4.104014093;7.839285714;2.03949188;;;;;;;;;;;;;;;;;;;;;;;;;;;;;;;;;;;;;;;;;;;;;;;;;;;;;;;;;;;;;;;;;;;;;;;;;;;;;;;;;;;;;;;;;;;;;;;;;;;;;;;;;;;;;;;;;;;;;;;;;;;;;;;;;;;;;;;;;;;;;;;;;;;;;;;;;;;;;;;;;;;;;;;;;;;;;;;;;;;;;;
38;horsan_slu;Horsan;l100e38_TCTAGGCA-ACTGCATA_L001_R1_001.fastq.gz;38_S36_L001_R1_001.fastq.gz;Barcode-150-Heli-l100a38_S149_L001_R1_001.fastq.gz;38_S36_L001_R1_001.fastq.gz;Lake_38_S36_L001_R1_001.fastq.gz;151;SE642008-168013;6420575;727788;SWEREF 99 TM;Sjö;Sötvatten;NMÖ;Sjöar trendstationer;Gotlands län;Gotland;20.8.2014;2014;8;20;0.5;0.5;28;0.855;0.061;0.02;0.015;16;1.635;1.56;0.233;0.09;;0.0154;1.7;20.2;0.378;1.3;0.193;43;;8.34;1;4.4;1.25;0.142;;17.2;846;6.6;0.76;16;57.86985;18.83542;0.56;33.8075;0.115;8.605;0.035;0;4.305;5.45;0.522591141;0.25452932;0.21393182;0.003401612;60.37053571;117.7186539;8.050880283;4.970930233;1.787959914;;;;;;;;;;;;;;;;;;;;;;;;;;;;;;;;;;;;;;;;;;;;;;;;;;;;;;;;;;;;;;;;;;;;;;;;;;;;;;;;;;;;;;;;;;;;;;;;;;;;;;;;;;;;;;;;;;;;;;;;;;;;;;;;;;;;;;;;;;;;;;;;;;;;;;;;;;;;;;;;;;;;;;;;;;;;;;;;;;;;;;
39;humsjon_slu;Humsjön;l100e39_CCATAGCA-AAGGAGTA_L001_R1_001.fastq.gz;39_S37_L001_R1_001.fastq.gz;Barcode-151-Heli-l100a39_S150_L001_R1_001.fastq.gz;39_S37_L001_R1_001.fastq.gz;Lake_39_S37_L001_R1_001.fastq.gz;113;SE650061-142276;6497994;469555;SWEREF 99 TM;Sjö;Sötvatten;NMÖ;Sjöar trendstationer;Västra Götalands län;Karlsborg;25.8.2014;2014;8;25;0.5;0.5;29;0.97;0.153;0.055;0.042;9;0.138;0.135;0.087;0.05;160;0.0191;5.6;3.55;0.067;110;0.114;8;;6.79;;2.6;0.8;0.053;8;8.3;331;9.8;2;17.9;58.61875;14.4809;0.21;14.0325;0.885;0.0525;0.08;0;3.9875;4.3175;0.632994833;0.003741315;0.256012827;0.063067878;66.82142857;17.6935641;3.005899287;11.68674699;1.831366933;;;;;;;;;;;;;;;;;;;;;;;;;;;;;;;;;;;;;;;;;;;;;;;;;;;;;;;;;;;;;;;;;;;;;;;;;;;;;;;;;;;;;;;;;;;;;;;;;;;;;;;;;;;;;;;;;;;;;;;;;;;;;;;;;;;;;;;;;;;;;;;;;;;;;;;;;;;;;;;;;;;;;;;;;;;;;;;;;;;;;;
40;krageholm_slu;Krageholmssjön;l100e40_GGTATAGC-AAGGAGTA_L001_R1_001.fastq.gz;40_S38_L001_R1_001.fastq.gz;Barcode-152-Heli-l100a40_S151_L001_R1_001.fastq.gz;40_S38_L001_R1_001.fastq.gz;Lake_40_S38_L001_R1_001.fastq.gz;138;SE615375-137087;6150719;421789;SWEREF 99 TM;Sjö;Sötvatten;NMÖ;Sjöar trendstationer;Skåne län;Ystad;26.8.2014;2014;8;26;0.5;0.5;29;0.867;0.113;0.041;0.031;27;2.566;2.53;0.468;0.23;39;0.0708;120;30.9;0.39;89;0.469;;;8.96;;4.7;1.2;0.308;14.9;14;1230;136;11;17.1;55.50159;13.74462;2.05;8.33;0.0475;0;0;0;5.1675;0.11;0.691176471;0;0.264405762;0.005702281;4.063414634;180.5307891;16.4080219;6.192857143;0.704443492;;;;;;;;;;;;;;;;;;;;;;;;;;;;;;;;;;;;;;;;;;;;;;;;;;;;;;;;;;;;;;;;;;;;;;;;;;;;;;;;;;;;;;;;;;;;;;;;;;;;;;;;;;;;;;;;;;;;;;;;;;;;;;;;;;;;;;;;;;;;;;;;;;;;;;;;;;;;;;;;;;;;;;;;;;;;;;;;;;;;;;
41;krankesjon_slu;Krankesjön;l100e41_GGTTATGC-AAGGAGTA_L001_R1_001.fastq.gz;41_S39_L001_R1_001.fastq.gz;Barcode-153-Heli-l100a41_S152_L001_R1_001.fastq.gz;41_S39_L001_R1_001.fastq.gz;Lake_41_S39_L001_R1_001.fastq.gz;146;SE617797-135339;6174721;404038;SWEREF 99 TM;Sjö;Sötvatten;NMÖ;Sjöar trendstationer;Skåne län;Lund;21.8.2014;2014;8;21;0.5;0.5;29;1.245;0.134;0.044;0.033;25;1.297;1.71;0.693;0.24;35;0.0486;14;27.9;0.404;42;0.613;9;;8.73;3;0.15;1.9;0.658;10.7;15.1;1100;37.6;3.6;15.5;55.70023;13.47836;3.3;2.5225;0.015;0.05;0;0;2.0225;0.2;0.917740337;0.019821606;0.050545094;0.005946482;0.764393939;146.4597591;26.39854557;8.245033113;0.246595557;;;;;;;;;;;;;;;;;;;;;;;;;;;;;;;;;;;;;;;;;;;;;;;;;;;;;;;;;;;;;;;;;;;;;;;;;;;;;;;;;;;;;;;;;;;;;;;;;;;;;;;;;;;;;;;;;;;;;;;;;;;;;;;;;;;;;;;;;;;;;;;;;;;;;;;;;;;;;;;;;;;;;;;;;;;;;;;;;;;;;;
42;langsjon_slu;Långsjön;l100e42_TAGGCAAG-AAGGAGTA_L001_R1_001.fastq.gz;42_S40_L001_R1_001.fastq.gz;Barcode-154-Heli-l100a42_S153_L001_R1_001.fastq.gz;42_S40_L001_R1_001.fastq.gz;Lake_42_S40_L001_R1_001.fastq.gz;129;SE673534-153381;6733960;577702;SWEREF 99 TM;Sjö;Sötvatten;NMÖ;Sjöar trendstationer;Gävleborgs län;Sandviken;14.8.2014;2014;8;14;0.5;0.5;28;2.16;0.418;0.165;0.13;120;0.077;0.124;0.034;0.16;230;0.0077;2.1;2.71;0.043;9.8;0.074;19;;6.45;;0.92;2;0.06;;11.9;325;11.8;1.1;20;60.733443;16.42945392;0.07;1.5425;0;0.0425;0;0;0.6225;0.0025;0.59643436;0.027552674;0.26904376;0;22.03571429;13.13953069;1.583706939;18.1512605;1.362401683;;;;;;;;;;;;;;;;;;;;;;;;;;;;;;;;;;;;;;;;;;;;;;;;;;;;;;;;;;;;;;;;;;;;;;;;;;;;;;;;;;;;;;;;;;;;;;;;;;;;;;;;;;;;;;;;;;;;;;;;;;;;;;;;;;;;;;;;;;;;;;;;;;;;;;;;;;;;;;;;;;;;;;;;;;;;;;;;;;;;;;
43;latnjajaure_slu;Latnjajaure;l100e43_TTGTCCAT-AAGGAGTA_L001_R1_001.fastq.gz;43_S41_L001_R1_001.fastq.gz;;43_S41_L001_R1_001.fastq.gz;Lake_43_S41_L001_R1_001.fastq.gz;67;SE758677-161050;7586022;643552;SWEREF 99 TM;Sjö;Sötvatten;NMÖ;Sjöar trendstationer;Norrbottens län;Kiruna;18.8.2014;2014;8;18;0.5;0.5;29;0.029;0.004;;;79;0.036;0.144;0.02;;120;0.0204;;2.65;0.052;21;0.038;14;5;6.67;;0.64;;0.157;9.76;0.6;75;3.1;0.34;10.3;68.35897;18.48364;0.74;370.004996;0;1.065;0;314.229996;0.0375;29.38;0.079505683;0.00287834;0.041485926;0;500.0067514;13.63657622;2.198570064;4.833333333;2.699843578;;;;;;;;;;;;;;;;;;;;;;;;;;;;;;;;;;;;;;;;;;;;;;;;;;;;;;;;;;;;;;;;;;;;;;;;;;;;;;;;;;;;;;;;;;;;;;;;;;;;;;;;;;;;;;;;;;;;;;;;;;;;;;;;;;;;;;;;;;;;;;;;;;;;;;;;;;;;;;;;;;;;;;;;;;;;;;;;;;;;;;
44;lillaore_slu;Lilla Öresjön;l100e44_TCTAGGCA-AAGGAGTA_L001_R1_001.fastq.gz;44_S42_L001_R1_001.fastq.gz;Barcode-156-Heli-l100a44_S155_L001_R1_001.fastq.gz;44_S42_L001_R1_001.fastq.gz;Lake_44_S42_L001_R1_001.fastq.gz;1734;;6382547;340666;SWEREF 99 TM;Sjö;Sötvatten;NMÖ;Sjöar trendstationer;Västra Götalands län;Mark;14.8.2014;2014;8;14;0.5;0.5;28;1.23;0.252;0.093;0.071;150;0.019;0.062;0.273;;360;0.02;8.4;4.79;0.069;53;0.256;22;;6.04;;0.61;3.2;0.066;;7.5;353;8.3;0.59;19.9;57.55061;12.32339;0.64;1.3375;0;0.0175;0;0;0.9275;0;0.693457944;0.013084112;0.209345794;0;2.08984375;20.41493964;8.388057887;16.4;0.489936518;;;;;;;;;;;;;;;;;;;;;;;;;;;;;;;;;;;;;;;;;;;;;;;;;;;;;;;;;;;;;;;;;;;;;;;;;;;;;;;;;;;;;;;;;;;;;;;;;;;;;;;;;;;;;;;;;;;;;;;;;;;;;;;;;;;;;;;;;;;;;;;;;;;;;;;;;;;;;;;;;;;;;;;;;;;;;;;;;;;;;;
45;lillesjo_slu;Lillesjö;l100e45_CCATAGCA-CTAAGCCT_L001_R1_001.fastq.gz;45_S43_L001_R1_001.fastq.gz;;45_S43_L001_R1_001.fastq.gz;Lake_45_S43_L001_R1_001.fastq.gz;1947;SE623161-142148;6229124;471463;SWEREF 99 TM;Sjö;Sötvatten;NMÖ;IKEU (Integrerad KalkningsEffektUppföljning);Skåne län;Bromölla;20.8.2014;2014;8;20;0.5;0.5;26;0.108;0.017;;;;-0.009;0.101;0.336;0.2;;0.0112;3.6;6.56;0.074;;0.294;8;;5.07;2;2.6;4.6;0.172;9.2;2.4;163;2.6;0.85;19.1;56.20619;14.53999;0.04;44.7025;0.0925;3.6375;0;29.2175;2.33;7.3325;0.216990101;0.081371288;0.045970583;0.002069236;1117.5625;24.20006026;11.2686858;4.5;3.048660255;;;;;;;;;;;;;;;;;;;;;;;;;;;;;;;;;;;;;;;;;;;;;;;;;;;;;;;;;;;;;;;;;;;;;;;;;;;;;;;;;;;;;;;;;;;;;;;;;;;;;;;;;;;;;;;;;;;;;;;;;;;;;;;;;;;;;;;;;;;;;;;;;;;;;;;;;;;;;;;;;;;;;;;;;;;;;;;;;;;;;;
46;lillsjon_slu;Lillsjön;l100e46_GGTATAGC-CTAAGCCT_L001_R1_001.fastq.gz;46_S44_L001_R1_001.fastq.gz;Barcode-158-Heli-l100a46_S157_L001_R1_001.fastq.gz;46_S44_L001_R1_001.fastq.gz;Lake_46_S44_L001_R1_001.fastq.gz;141;SE655380-155738;6552780;603472;SWEREF 99 TM;Sjö;Sötvatten;NMÖ;Sjöar trendstationer;Södermanlands län;Flen;6.8.2014;2014;8;6;0.5;0.5;28;2.424;0.406;0.145;0.109;61;0.45;0.406;0.133;0.25;290;0.0571;58;9.39;0.284;81;0.225;11;1;7.41;4;0.56;1;0.211;;18.1;947;67.1;9.8;23.9;59.10513;16.8085;0.32;2.0325;0;0.105;0;0;1.1575;0;0.607626076;0.051660517;0.26199262;0;6.3515625;54.86196611;5.948306873;13.39226519;0.866379654;;;;;;;;;;;;;;;;;;;;;;;;;;;;;;;;;;;;;;;;;;;;;;;;;;;;;;;;;;;;;;;;;;;;;;;;;;;;;;;;;;;;;;;;;;;;;;;;;;;;;;;;;;;;;;;;;;;;;;;;;;;;;;;;;;;;;;;;;;;;;;;;;;;;;;;;;;;;;;;;;;;;;;;;;;;;;;;;;;;;;;
47;limmingsjon_slu;Limmingsjön;l100e47_GGTTATGC-CTAAGCCT_L001_R1_001.fastq.gz;47_S45_L001_R1_001.fastq.gz;Barcode-159-Heli-l100a47_S158_L001_R1_001.fastq.gz;47_S45_L001_R1_001.fastq.gz;Lake_47_S45_L001_R1_001.fastq.gz;92;SE660804-142742;6605422;472916;SWEREF 99 TM;Sjö;Sötvatten;NMÖ;Sjöar trendstationer;Örebro län;Hällefors;14.8.2014;2014;8;14;0.5;0.5;28;0.906;0.139;0.05;0.038;31;0.108;0.133;0.055;0.09;25;0.0091;;2.72;0.049;11;0.072;8;;6.98;;1;4.1;0.045;8.02;6.7;227;4.1;0.54;19.7;59.58892;14.50878;1.08;1.9775;0.01;0;0;0;1.2275;0;0.677623262;0;0.302149178;0.00505689;1.831018519;14.03086482;2.019938173;13.52238806;0.45194271;;;;;;;;;;;;;;;;;;;;;;;;;;;;;;;;;;;;;;;;;;;;;;;;;;;;;;;;;;;;;;;;;;;;;;;;;;;;;;;;;;;;;;;;;;;;;;;;;;;;;;;;;;;;;;;;;;;;;;;;;;;;;;;;;;;;;;;;;;;;;;;;;;;;;;;;;;;;;;;;;;;;;;;;;;;;;;;;;;;;;;
48;marrsjon_slu;Märrsjön;l100e48_TAGGCAAG-CTAAGCCT_L001_R1_001.fastq.gz;48_S46_L001_R1_001.fastq.gz;Barcode-160-Heli-l100a48_S159_L001_R1_001.fastq.gz;48_S46_L001_R1_001.fastq.gz;Lake_48_S46_L001_R1_001.fastq.gz;1101;;6645566;558978;SWEREF 99 TM;Sjö;Sötvatten;RMÖ;Västmanlands län;Västmanlands län;Fagersta;28.8.2014;2014;8;28;2;2;56;1.186;0.182;0.066;0.051;28;0.088;0.111;0.048;0.11;320;0.0149;6;2.78;0.064;220;0.08;31;;6.55;;0.5;3.5;0.061;9.88;11;426;16.6;1.1;16.7;59.94867;16.05689;0.52;8.7575;0.0625;0.245;0;0;5.35;0.13;0.713673994;0.027976021;0.204967171;0.00713674;16.84134615;14.66292803;1.989039525;10.78181818;1.251427619;;;;;;;;;;;;;;;;;;;;;;;;;;;;;;;;;;;;;;;;;;;;;;;;;;;;;;;;;;;;;;;;;;;;;;;;;;;;;;;;;;;;;;;;;;;;;;;;;;;;;;;;;;;;;;;;;;;;;;;;;;;;;;;;;;;;;;;;;;;;;;;;;;;;;;;;;;;;;;;;;;;;;;;;;;;;;;;;;;;;;;
49;masen_slu;Mäsen;l100e49_TTGTCCAT-CTAAGCCT_L001_R1_001.fastq.gz;49_S47_L001_R1_001.fastq.gz;Barcode-161-Heli-l100a49_S160_L001_R1_001.fastq.gz;49_S47_L001_R1_001.fastq.gz;Lake_49_S47_L001_R1_001.fastq.gz;56;SE665654-149206;6654684;536934;SWEREF 99 TM;Sjö;Sötvatten;NMÖ;Sjöar trendstationer;Dalarnas län;Smedjebacken;25.8.2014;2014;8;25;0.5;0.5;28;0.995;0.131;0.046;0.035;17;0.191;0.193;0.054;0.18;35;0.0179;2.1;4.26;0.106;12;0.098;17;2;7.15;;0.6;4;0.097;;9.2;340;5.8;0.87;18.7;60.03106;15.67634;0.42;0.7075;0.045;0.0175;0;0;0.385;0.03;0.593639576;0.024734982;0.176678445;0.06360424;1.68452381;23.06836722;2.533057765;10.81521739;0.42886726;;;;;;;;;;;;;;;;;;;;;;;;;;;;;;;;;;;;;;;;;;;;;;;;;;;;;;;;;;;;;;;;;;;;;;;;;;;;;;;;;;;;;;;;;;;;;;;;;;;;;;;;;;;;;;;;;;;;;;;;;;;;;;;;;;;;;;;;;;;;;;;;;;;;;;;;;;;;;;;;;;;;;;;;;;;;;;;;;;;;;;
50;ogertrasket_slu;Ögerträsket;l100e50_TCTAGGCA-CTAAGCCT_L001_R1_001.fastq.gz;50_S48_L001_R1_001.fastq.gz;Barcode-162-Heli-l100a50_S161_L001_R1_001.fastq.gz;50_S48_L001_R1_001.fastq.gz;Lake_50_S48_L001_R1_001.fastq.gz;149;SE712246-170866;7123130;747661;SWEREF 99 TM;Sjö;Sötvatten;NMÖ;Sjöar trendstationer;Västerbottens län;Umeå;14.8.2014;2014;8;14;0.5;0.5;28;2.707;0.646;0.264;0.208;210;0.06;0.098;0.02;0.05;390;0.0087;4.5;2.14;0.043;13;0.067;7;2;6.45;1;2.4;1.5;0.045;;13.1;335;11.9;1.1;19.7;64.14288;20.08992;0.08;10.5925;1.1775;0.1575;0;0;6.105;0.37;0.664385178;0.014869011;0.125324522;0.111163559;132.40625;11.56322074;1.032632108;20.66412214;2.125176176;;;;;;;;;;;;;;;;;;;;;;;;;;;;;;;;;;;;;;;;;;;;;;;;;;;;;;;;;;;;;;;;;;;;;;;;;;;;;;;;;;;;;;;;;;;;;;;;;;;;;;;;;;;;;;;;;;;;;;;;;;;;;;;;;;;;;;;;;;;;;;;;;;;;;;;;;;;;;;;;;;;;;;;;;;;;;;;;;;;;;;
51;ojsjon_slu;Öjsjön;l100e51_CCATAGCA-CTTGCTTT_L001_R1_001.fastq.gz;51_S49_L001_R1_001.fastq.gz;Barcode-163-Heli-l100a51_S162_L001_R1_001.fastq.gz;51_S49_L001_R1_001.fastq.gz;Lake_51_S49_L001_R1_001.fastq.gz;105;SE644987-152393;6448490;571284;SWEREF 99 TM;Sjö;Sötvatten;NMÖ;Sjöar trendstationer;Östergötlands län;Åtvidaberg;20.8.2014;2014;8;20;0.5;0.5;28;0.778;0.11;0.041;0.031;19;0.122;0.17;0.097;0.11;17;0.0146;2.1;4.2;0.079;12;0.117;5;;7.02;1;0.12;4.3;0.108;;7.3;291;4.5;0.58;18.77;58.17061;16.22608;1.97;1.43;0;0;0;0;1.0475;0;0.732517483;0;0.267482517;0;0.725888325;20.4423152;3.860545551;10.65753425;0.237012691;;;;;;;;;;;;;;;;;;;;;;;;;;;;;;;;;;;;;;;;;;;;;;;;;;;;;;;;;;;;;;;;;;;;;;;;;;;;;;;;;;;;;;;;;;;;;;;;;;;;;;;;;;;;;;;;;;;;;;;;;;;;;;;;;;;;;;;;;;;;;;;;;;;;;;;;;;;;;;;;;;;;;;;;;;;;;;;;;;;;;;
52;orsjon_slu;Örsjön;l100e52_GGTATAGC-CTTGCTTT_L001_R1_001.fastq.gz;52_S50_L001_R1_001.fastq.gz;Barcode-164-Heli-l100a52_S163_L001_R1_001.fastq.gz;52_S50_L001_R1_001.fastq.gz;Lake_52_S50_L001_R1_001.fastq.gz;70;SE624038-143063;6237996;480506;SWEREF 99 TM;Sjö;Sötvatten;NMÖ;Sjöar trendstationer;Blekinge län;Olofström;13.8.2014;2014;8;13;0.5;0.5;28;0.99;0.16;0.058;0.045;25;0.05;0.128;0.221;0.19;320;0.0111;11;5.07;0.072;95;0.223;15;;6.42;;0.27;2.9;0.102;;9.6;444;9.7;1.3;22.5;56.28158;14.6833;0.19;5.0375;0.2225;0.14;0;0;3.0825;0;0.658560794;0.027791563;0.062034739;0.044168734;26.51315789;22.29203516;7.295968933;10.3125;1.43954044;;;;;;;;;;;;;;;;;;;;;;;;;;;;;;;;;;;;;;;;;;;;;;;;;;;;;;;;;;;;;;;;;;;;;;;;;;;;;;;;;;;;;;;;;;;;;;;;;;;;;;;;;;;;;;;;;;;;;;;;;;;;;;;;;;;;;;;;;;;;;;;;;;;;;;;;;;;;;;;;;;;;;;;;;;;;;;;;;;;;;;
53;orvattnet_slu;Örvattnet;l100e53_GGTTATGC-CTTGCTTT_L001_R1_001.fastq.gz;53_S51_L001_R1_001.fastq.gz;Barcode-165-Heli-l100a53_S164_L001_R1_001.fastq.gz;53_S51_L001_R1_001.fastq.gz;Lake_53_S51_L001_R1_001.fastq.gz;1946;SE662682-132860;6622992;373926;SWEREF 99 TM;Sjö;Sötvatten;NMÖ;IKEU (Integrerad KalkningsEffektUppföljning);Värmlands län;Arvika;20.8.2014;2014;8;20;0.5;0.5;26;0.397;0.063;0.023;0.018;;0.009;0.031;0.048;;;0.0046;4.8;1.44;0.021;;0.059;9;3;5.96;1;0.99;4.2;0.044;9.93;4.4;227;4.6;1.6;17.4;59.73213;12.74972;0.72;15.675;1.9825;0.26;0;0;6.295;1.0325;0.60414673;0.016586922;0.142583732;0.126475279;21.77083333;5.957860119;1.8120668;9.022727273;1.357378925;;;;;;;;;;;;;;;;;;;;;;;;;;;;;;;;;;;;;;;;;;;;;;;;;;;;;;;;;;;;;;;;;;;;;;;;;;;;;;;;;;;;;;;;;;;;;;;;;;;;;;;;;;;;;;;;;;;;;;;;;;;;;;;;;;;;;;;;;;;;;;;;;;;;;;;;;;;;;;;;;;;;;;;;;;;;;;;;;;;;;;
54;ostrahelg_slu;Östra Helgtjärnen;l100e54_TAGGCAAG-CTTGCTTT_L001_R1_001.fastq.gz;54_S52_L001_R1_001.fastq.gz;Barcode-166-Heli-l100a54_S165_L001_R1_001.fastq.gz;54_S52_L001_R1_001.fastq.gz;Lake_54_S52_L001_R1_001.fastq.gz;159;SE700796-136901;7004344;409602;SWEREF 99 TM;Sjö;Sötvatten;NMÖ;Sjöar trendstationer;Jämtlands län;Åre;9.8.2014;2014;8;9;0.5;0.5;28;0.915;0.149;0.054;0.041;15;0.313;0.286;0.041;;63;0.0198;1.5;4.1;0.055;6.6;0.058;9;3;7.33;1;1.6;5.2;0.021;;6.1;222;2.3;0.32;18.3;63.1556;13.19293;0.31;4.2025;0.225;0.0375;0.14;0;2.2225;0.14;0.681142177;0.00892326;0.040452112;0.05353956;13.55645161;21.82371328;1.3751719;15;1.163055521;;;;;;;;;;;;;;;;;;;;;;;;;;;;;;;;;;;;;;;;;;;;;;;;;;;;;;;;;;;;;;;;;;;;;;;;;;;;;;;;;;;;;;;;;;;;;;;;;;;;;;;;;;;;;;;;;;;;;;;;;;;;;;;;;;;;;;;;;;;;;;;;;;;;;;;;;;;;;;;;;;;;;;;;;;;;;;;;;;;;;;
55;oversjon_slu;Översjön;l100e55_TTGTCCAT-CTTGCTTT_L001_R1_001.fastq.gz;55_S53_L001_R1_001.fastq.gz;Barcode-167-Heli-l100a55_S166_L001_R1_001.fastq.gz;55_S53_L001_R1_001.fastq.gz;Lake_55_S53_L001_R1_001.fastq.gz;59;SE664410-136192;6640666;407015;SWEREF 99 TM;Sjö;Sötvatten;NMÖ;Sjöar trendstationer;Värmlands län;Sunne;20.8.2014;2014;8;20;0.5;0.5;28;0.864;0.144;0.052;0.04;77;0.026;0.052;0.049;0.09;89;0.0111;7.5;1.88;0.032;40;0.071;8;;6.22;1;1.5;4;0.051;;7.2;269;4.9;0.6;18.3;59.89378;13.33008;0.37;2.15;1.3375;0;0;0;0.0175;0.2225;0.136046512;0;0.241860465;0.622093023;5.810810811;8.598576055;1.913146667;12;0.833198817;;;;;;;;;;;;;;;;;;;;;;;;;;;;;;;;;;;;;;;;;;;;;;;;;;;;;;;;;;;;;;;;;;;;;;;;;;;;;;;;;;;;;;;;;;;;;;;;;;;;;;;;;;;;;;;;;;;;;;;;;;;;;;;;;;;;;;;;;;;;;;;;;;;;;;;;;;;;;;;;;;;;;;;;;;;;;;;;;;;;;;
56;overudssjon_slu;Överudssjön;l100e56_TCTAGGCA-CTTGCTTT_L001_R1_001.fastq.gz;56_S54_L001_R1_001.fastq.gz;Barcode-168-Heli-l100a56_S167_L001_R1_001.fastq.gz;56_S54_L001_R1_001.fastq.gz;Lake_56_S54_L001_R1_001.fastq.gz;80;SE659105-133982;6587380;385573;SWEREF 99 TM;Sjö;Sötvatten;NMÖ;Sjöar trendstationer;Värmlands län;Grums;19.8.2014;2014;8;19;0.5;0.5;28;1.194;0.18;0.067;0.052;86;0.21;0.156;0.111;0.11;430;0.0323;41;4.66;0.121;130;0.142;54;3;6.86;;0.81;0.8;0.055;;11;714;58.9;7.5;19.1;59.4009;12.991;2.24;10.545;0;0;0;9.7825;0;0;0;0;0.072309151;0;4.707589286;24.73777451;3.70372948;10.85454545;0.756452714;;;;;;;;;;;;;;;;;;;;;;;;;;;;;;;;;;;;;;;;;;;;;;;;;;;;;;;;;;;;;;;;;;;;;;;;;;;;;;;;;;;;;;;;;;;;;;;;;;;;;;;;;;;;;;;;;;;;;;;;;;;;;;;;;;;;;;;;;;;;;;;;;;;;;;;;;;;;;;;;;;;;;;;;;;;;;;;;;;;;;;
57;ovrefjatsjon_slu;Övre Fjätsjön;l100e57_CCATAGCA-GGCTTCAA_L001_R1_001.fastq.gz;57_S55_L001_R1_001.fastq.gz;Barcode-169-Heli-l100a57_S168_L001_R1_001.fastq.gz;57_S55_L001_R1_001.fastq.gz;Lake_57_S55_L001_R1_001.fastq.gz;124;SE690617-134197;6902328;383850;SWEREF 99 TM;Sjö;Sötvatten;NMÖ;Sjöar trendstationer;Jämtlands län;Härjedalen;17.8.2014;2014;8;17;0.5;0.5;28;0.83;0.182;0.072;0.055;42;0.092;0.078;0.009;;120;0.0059;4;1.37;0.022;10;0.033;17;;6.88;;1.1;3.9;0.012;;4.9;254;9;0.82;14.8;62.24365;12.76054;0.91;4.54;0.035;0;0.0375;0;2.5625;0.145;0.774779736;0;0.061123348;0.007709251;4.989010989;7.287727934;0.378800626;16.93877551;0.77735511;;;;;;;;;;;;;;;;;;;;;;;;;;;;;;;;;;;;;;;;;;;;;;;;;;;;;;;;;;;;;;;;;;;;;;;;;;;;;;;;;;;;;;;;;;;;;;;;;;;;;;;;;;;;;;;;;;;;;;;;;;;;;;;;;;;;;;;;;;;;;;;;;;;;;;;;;;;;;;;;;;;;;;;;;;;;;;;;;;;;;;
58;ovreskarsjon_slu;Övre Skärsjön;l100e58_GGTATAGC-GGCTTCAA_L001_R1_001.fastq.gz;58_S56_L001_R1_001.fastq.gz;Barcode-170-Heli-l100a58_S169_L001_R1_001.fastq.gz;58_S56_L001_R1_001.fastq.gz;Lake_58_S56_L001_R1_001.fastq.gz;90;SE663532-148571;6633396;530845;SWEREF 99 TM;Sjö;Sötvatten;NMÖ;Sjöar trendstationer;Västmanlands län;Skinnskatteberg;11.8.2014;2014;8;11;0.5;0.5;29;1.74;0.387;0.146;0.112;150;0.02;0.064;0.042;0.1;320;0.011;4.5;2.19;0.056;20;0.066;8;21;6.25;1;1.8;2.3;0.065;8.29;9.3;313;6.5;0.89;21.2;59.84678;15.5479;1.7;2.725;0.0075;0.025;0;0.03;1.915;0;0.760550459;0.009174312;0.202752294;0.002752294;1.602941176;10.95101925;1.861427698;18.70967742;0.415464354;;;;;;;;;;;;;;;;;;;;;;;;;;;;;;;;;;;;;;;;;;;;;;;;;;;;;;;;;;;;;;;;;;;;;;;;;;;;;;;;;;;;;;;;;;;;;;;;;;;;;;;;;;;;;;;;;;;;;;;;;;;;;;;;;;;;;;;;;;;;;;;;;;;;;;;;;;;;;;;;;;;;;;;;;;;;;;;;;;;;;;
59;rammsjon_slu;Rammsjön;l100e59_GGTTATGC-GGCTTCAA_L001_R1_001.fastq.gz;59_S57_L001_R1_001.fastq.gz;Barcode-171-Heli-l100a59_S170_L001_R1_001.fastq.gz;59_S57_L001_R1_001.fastq.gz;Lake_59_S57_L001_R1_001.fastq.gz;78;SE629585-135462;6292542;403889;SWEREF 99 TM;Sjö;Sötvatten;NMÖ;Sjöar trendstationer;Kronobergs län;Ljungby;18.8.2014;2014;8;18;0.5;0.5;28;5.59;1.713;0.812;0.672;83;-0.012;0.045;0.189;;4500;0.0098;11;3.47;0.054;27;0.166;65;12;5.2;2;0.87;0.4;0.026;;22.4;958;31.5;4.7;17.5;56.7682;13.42523;0.34;5.3;0;0.0225;0;4.84;0.055;0.02;0.014150943;0.004245283;0.068396226;0;15.58823529;14.15746851;5.602116919;24.95535714;1.219800187;;;;;;;;;;;;;;;;;;;;;;;;;;;;;;;;;;;;;;;;;;;;;;;;;;;;;;;;;;;;;;;;;;;;;;;;;;;;;;;;;;;;;;;;;;;;;;;;;;;;;;;;;;;;;;;;;;;;;;;;;;;;;;;;;;;;;;;;;;;;;;;;;;;;;;;;;;;;;;;;;;;;;;;;;;;;;;;;;;;;;;
60;rotehogs_slu;Rotehogstjärnen;l100e60_TAGGCAAG-GGCTTCAA_L001_R1_001.fastq.gz;60_S58_L001_R1_001.fastq.gz;Barcode-172-Heli-l100a60_S171_L001_R1_001.fastq.gz;60_S58_L001_R1_001.fastq.gz;Lake_60_S89_L001_R1_001.fastq.gz;94;SE652902-125783;6524402;304388;SWEREF 99 TM;Sjö;Sötvatten;NMÖ;Sjöar trendstationer;Västra Götalands län;Tanum;20.8.2014;2014;8;20;0.5;0.5;29;2.322;0.518;0.205;0.161;220;0.014;0.052;0.191;0.05;430;0.0097;33;3.74;0.061;25;0.2;6;;5.57;1;0.54;2.3;0.051;8.2;13.3;449;16.2;2.3;17.8;58.814;11.61743;0.16;1.1775;0;0.4925;0;0;0.3575;0;0.303609342;0.418259023;0.278131635;0;7.359375;16.55877413;5.918788416;17.45864662;0.922173808;;;;;;;;;;;;;;;;;;;;;;;;;;;;;;;;;;;;;;;;;;;;;;;;;;;;;;;;;;;;;;;;;;;;;;;;;;;;;;;;;;;;;;;;;;;;;;;;;;;;;;;;;;;;;;;;;;;;;;;;;;;;;;;;;;;;;;;;;;;;;;;;;;;;;;;;;;;;;;;;;;;;;;;;;;;;;;;;;;;;;;
61;rundbosjon_slu;Rundbosjön;l100e61_TTGTCCAT-GGCTTCAA_L001_R1_001.fastq.gz;61_S59_L001_R1_001.fastq.gz;Barcode-173-Heli-l100a61_S172_L001_R1_001.fastq.gz;61_S59_L001_R1_001.fastq.gz;Lake_61_S58_L001_R1_001.fastq.gz;142;SE652177-159038;6521160;636846;SWEREF 99 TM;Sjö;Sötvatten;NMÖ;Sjöar trendstationer;Södermanlands län;Nyköping;6.8.2014;2014;8;6;0.5;0.5;28;1.619;0.272;0.105;0.082;210;0.424;0.363;0.236;0.11;310;0.0467;10;10.4;0.277;22;0.298;48;2;7.4;3;0.57;1.44;0.235;;11.6;649;30.7;6;24.7;58.8208;17.3769;0.91;20.0675;3.055;0.185;0;0;10.145;0.6925;0.687928242;0.009218886;0.115236078;0.152236203;22.0521978;55.04990858;9.103651426;13.95689655;1.362712337;;;;;;;;;;;;;;;;;;;;;;;;;;;;;;;;;;;;;;;;;;;;;;;;;;;;;;;;;;;;;;;;;;;;;;;;;;;;;;;;;;;;;;;;;;;;;;;;;;;;;;;;;;;;;;;;;;;;;;;;;;;;;;;;;;;;;;;;;;;;;;;;;;;;;;;;;;;;;;;;;;;;;;;;;;;;;;;;;;;;;;
62;sangen_slu;Sangen;l100e62_TCTAGGCA-GGCTTCAA_L001_R1_001.fastq.gz;62_S60_L001_R1_001.fastq.gz;Barcode-174-Heli-l100a62_S173_L001_R1_001.fastq.gz;62_S60_L001_R1_001.fastq.gz;Lake_62_S59_L001_R1_001.fastq.gz;115;SE686849-145214;6866040;494426;SWEREF 99 TM;Sjö;Sötvatten;NMÖ;Sjöar trendstationer;Jämtlands län;Härjedalen;6.8.2014;2014;8;6;0.5;0.5;28;1.153;0.237;0.089;0.068;43;0.118;0.105;0.018;0.19;340;0.0083;2.7;2.07;0.037;29;0.062;41;3;6.84;;2.8;2.9;0.022;;6.3;237;11;1.4;21.9;61.92859;14.86751;1.44;112.6125;50.1025;1.28;7.805;0;28.59;3.3125;0.343323343;0.011366411;0.03971584;0.444910645;78.203125;11.19138504;0.736780932;18.3015873;1.898742317;;;;;;;;;;;;;;;;;;;;;;;;;;;;;;;;;;;;;;;;;;;;;;;;;;;;;;;;;;;;;;;;;;;;;;;;;;;;;;;;;;;;;;;;;;;;;;;;;;;;;;;;;;;;;;;;;;;;;;;;;;;;;;;;;;;;;;;;;;;;;;;;;;;;;;;;;;;;;;;;;;;;;;;;;;;;;;;;;;;;;;
63;sannen_slu;Sännen;l100e63_CCATAGCA-AATCGGCA_L001_R1_001.fastq.gz;63_S61_L001_R1_001.fastq.gz;Barcode-175-Heli-l100a63_S174_L001_R1_001.fastq.gz;63_S61_L001_R1_001.fastq.gz;Lake_63_S60_L001_R1_001.fastq.gz;68;SE624421-147234;6242312;522150;SWEREF 99 TM;Sjö;Sötvatten;NMÖ;Sjöar trendstationer;Blekinge län;Ronneby;12.8.2014;2014;8;12;0.5;0.5;28;0.721;0.091;0.0315;0.024;29;0.032;0.16;0.205;0.23;130;0.0168;7.5;5.98;0.097;150;0.225;10;;6.26;;0.63;3;0.208;;7.4;376;15.3;1.7;23;56.32075;15.36872;0.99;3.4625;0.1275;0.005;0;0;1.9975;0.3075;0.805776173;0.001444043;0.101805054;0.036823105;3.497474747;26.17753699;7.948106012;9.743243243;0.652968733;;;;;;;;;;;;;;;;;;;;;;;;;;;;;;;;;;;;;;;;;;;;;;;;;;;;;;;;;;;;;;;;;;;;;;;;;;;;;;;;;;;;;;;;;;;;;;;;;;;;;;;;;;;;;;;;;;;;;;;;;;;;;;;;;;;;;;;;;;;;;;;;;;;;;;;;;;;;;;;;;;;;;;;;;;;;;;;;;;;;;;
64;sidensjon_slu;Sidensjön;l100e64_GGTATAGC-AATCGGCA_L001_R1_001.fastq.gz;64_S62_L001_R1_001.fastq.gz;Barcode-176-Heli-l100a64_S175_L001_R1_001.fastq.gz;64_S62_L001_R1_001.fastq.gz;Lake_64_S61_L001_R1_001.fastq.gz;127;SE709218-169710;7092712;736488;SWEREF 99 TM;Sjö;Sötvatten;NMÖ;Sjöar trendstationer;Västerbottens län;Vännäs;12.8.2014;2014;8;12;0.5;0.5;28;1.972;0.407;0.157;0.122;88;0.208;0.196;0.026;0.08;530;0.008;4.2;3.58;0.083;30;0.092;31;3;6.89;2;1.7;2.1;0.055;;11.6;561;35.4;1.3;21.5;63.88448;19.81623;0.09;15.9725;0.5325;0.0425;0;0;7.79;1.24;0.713100642;0.002660823;0.139301925;0.033338551;177.4722222;20.81244048;1.30598618;17;2.251570631;;;;;;;;;;;;;;;;;;;;;;;;;;;;;;;;;;;;;;;;;;;;;;;;;;;;;;;;;;;;;;;;;;;;;;;;;;;;;;;;;;;;;;;;;;;;;;;;;;;;;;;;;;;;;;;;;;;;;;;;;;;;;;;;;;;;;;;;;;;;;;;;;;;;;;;;;;;;;;;;;;;;;;;;;;;;;;;;;;;;;;
65;siggeforra_slu;Siggeforasjön;l100e65_GGTTATGC-AATCGGCA_L001_R1_001.fastq.gz;65_S63_L001_R1_001.fastq.gz;Barcode-177-Heli-l100a65_S176_L001_R1_001.fastq.gz;65_S63_L001_R1_001.fastq.gz;Lake_65_S62_L001_R1_001.fastq.gz;62;SE665175-157559;6650914;620487;SWEREF 99 TM;Sjö;Sötvatten;NMÖ;Sjöar trendstationer;Uppsala län;Uppsala;17.8.2014;2014;8;17;0.5;0.5;27;2.761;0.557;0.207;0.159;160;0.158;0.256;0.066;0.14;450;0.0138;12;4.27;0.075;58;0.1;6;;6.89;;2.7;;0.081;;16.2;505;14.9;1.2;20.2;59.97721;17.14584;0.7;5.6125;0.07;0.045;0;0;3.6925;0.43;0.765256125;0.008017817;0.104231626;0.01247216;8.017857143;23.6448727;2.705000137;17.04320988;0.955103351;;;;;;;;;;;;;;;;;;;;;;;;;;;;;;;;;;;;;;;;;;;;;;;;;;;;;;;;;;;;;;;;;;;;;;;;;;;;;;;;;;;;;;;;;;;;;;;;;;;;;;;;;;;;;;;;;;;;;;;;;;;;;;;;;;;;;;;;;;;;;;;;;;;;;;;;;;;;;;;;;;;;;;;;;;;;;;;;;;;;;;
66;skargolena_slu;Skärgölen A;l100e66_TAGGCAAG-AATCGGCA_L001_R1_001.fastq.gz;66_S64_L001_R1_001.fastq.gz;Barcode-178-Heli-l100a66_S177_L001_R1_001.fastq.gz;66_S64_L001_R1_001.fastq.gz;Lake_66_S63_L001_R1_001.fastq.gz;109;SE651573-152481;6514333;571374;SWEREF 99 TM;Sjö;Sötvatten;NMÖ;Sjöar trendstationer;Östergötlands län;Norrköping;20.8.2014;2014;8;20;0.5;0.5;28;1.049;0.159;0.057;0.044;14;0.165;0.193;0.084;0.13;54;0.0189;4.6;4.49;0.089;17;0.119;10;;7;1;1.2;3.3;0.107;;8.5;327;6.8;0.78;18.35;58.76187;16.23319;0.18;21.505;0.325;0.58;0.105;0;15.6475;0.1575;0.773889793;0.026970472;0.074517554;0.015112764;119.4722222;22.60935698;3.48342171;12.34117647;2.080886921;;;;;;;;;;;;;;;;;;;;;;;;;;;;;;;;;;;;;;;;;;;;;;;;;;;;;;;;;;;;;;;;;;;;;;;;;;;;;;;;;;;;;;;;;;;;;;;;;;;;;;;;;;;;;;;;;;;;;;;;;;;;;;;;;;;;;;;;;;;;;;;;;;;;;;;;;;;;;;;;;;;;;;;;;;;;;;;;;;;;;;
67;skargolenb_slu;Skärgölen B;l100e67_TTGTCCAT-AATCGGCA_L001_R1_001.fastq.gz;67_S65_L001_R1_001.fastq.gz;Barcode-179-Heli-l100a67_S178_L001_R1_001.fastq.gz;67_S65_L001_R1_001.fastq.gz;Lake_67_S90_L001_R1_001.fastq.gz;150;SE640609-148673;6404286;534623;SWEREF 99 TM;Sjö;Sötvatten;NMÖ;Sjöar trendstationer;Kalmar län;Vimmerby;13.8.2014;2014;8;13;0.5;0.5;28;0.693;0.116;0.042;0.032;73;0.018;0.046;0.071;0.21;210;0.0082;3.2;2.15;0.039;24;0.088;10;2;6.12;;;4.3;0.048;;7.8;356;6.7;0.64;21.2;57.77838;15.58301;0.07;2.125;0;0.05;0;0;1.63;0;0.774117647;0.023529412;0.169411765;0;30.35714286;9.54011589;2.50250857;8.884615385;1.496336485;;;;;;;;;;;;;;;;;;;;;;;;;;;;;;;;;;;;;;;;;;;;;;;;;;;;;;;;;;;;;;;;;;;;;;;;;;;;;;;;;;;;;;;;;;;;;;;;;;;;;;;;;;;;;;;;;;;;;;;;;;;;;;;;;;;;;;;;;;;;;;;;;;;;;;;;;;;;;;;;;;;;;;;;;;;;;;;;;;;;;;
69;spjutsjon_slu;Spjutsjön;l100e69_TCTAGGCA-AATCGGCA_L001_R1_001.fastq.gz;69_S66_L001_R1_001.fastq.gz;Barcode-180-Heli-l100a69_S179_L001_R1_001.fastq.gz;69_S66_L001_R1_001.fastq.gz;Lake_69_S64_L001_R1_001.fastq.gz;54;SE672467-148031;6722638;524356;SWEREF 99 TM;Sjö;Sötvatten;NMÖ;Sjöar trendstationer;Dalarnas län;Falun;12.8.2014;2014;8;12;0.5;0.5;28;0.444;0.056;0.02;0.016;27;0.117;0.129;0.03;0.16;17;0.0142;2.5;2.87;0.057;8.8;0.066;8;;7.08;2;1.5;4.7;0.084;;5.2;210;6.4;0.56;21;60.64308;15.43701;0.4;1.6125;0;0;0;0;1.275;0;0.863565891;0;0.125581395;0;4.03125;14.3586105;1.720715808;8.538461538;0.701675898;;;;;;;;;;;;;;;;;;;;;;;;;;;;;;;;;;;;;;;;;;;;;;;;;;;;;;;;;;;;;;;;;;;;;;;;;;;;;;;;;;;;;;;;;;;;;;;;;;;;;;;;;;;;;;;;;;;;;;;;;;;;;;;;;;;;;;;;;;;;;;;;;;;;;;;;;;;;;;;;;;;;;;;;;;;;;;;;;;;;;;
71;stensjon_slu;Stensjön;l100e70_CCATAGCA-GGTTCAAA_L001_R1_001.fastq.gz;70_S67_L001_R1_001.fastq.gz;Barcode-181-Heli-l100a70_S180_L001_R1_001.fastq.gz;70_S67_L001_R1_001.fastq.gz;Lake_70_S65_L001_R1_001.fastq.gz;132;SE683673-154083;6835394;583469;SWEREF 99 TM;Sjö;Sötvatten;NMÖ;Sjöar trendstationer;Gävleborgs län;Ljusdal;12.8.2014;2014;8;12;0.5;0.5;28;1.283;0.247;0.092;0.071;45;0.061;0.068;0.021;0.09;200;0.0078;2.7;1.68;0.034;25;0.059;4;;6.6;;2.2;;0.031;7.9;7.7;221;6.1;0.88;20.3;61.64324;16.5855;0.53;10.7525;0;1.8925;0.0925;0;4.98;0.14;0.600093002;0.17600558;0.066961172;0;20.28773585;8.955087884;0.915098609;16.66233766;1.328129473;;;;;;;;;;;;;;;;;;;;;;;;;;;;;;;;;;;;;;;;;;;;;;;;;;;;;;;;;;;;;;;;;;;;;;;;;;;;;;;;;;;;;;;;;;;;;;;;;;;;;;;;;;;;;;;;;;;;;;;;;;;;;;;;;;;;;;;;;;;;;;;;;;;;;;;;;;;;;;;;;;;;;;;;;;;;;;;;;;;;;;
72;storarasjon_slu;Stor-Arasjön;l100e71_GGTATAGC-GGTTCAAA_L001_R1_001.fastq.gz;71_S68_L001_R1_001.fastq.gz;Barcode-182-Heli-l100a71_S181_L001_R1_001.fastq.gz;71_S68_L001_R1_001.fastq.gz;Lake_71_S66_L001_R1_001.fastq.gz;104;SE716717-158596;7166268;624434;SWEREF 99 TM;Sjö;Sötvatten;NMÖ;Sjöar trendstationer;Västerbottens län;Vilhelmina;9.8.2014;2014;8;9;0.5;0.5;27;1.173;0.221;0.081;0.063;34;0.079;0.067;0.012;0.1;97;0.0067;2.4;1.52;0.054;32;0.032;17;2;6.73;;1.2;;0.016;;6.6;180;6;0.75;19.3;64.61368;17.55181;7.13;23.2325;2.0075;0.8425;0.5275;0;9.95;0.3625;0.679328527;0.036263855;0.140751103;0.086409125;3.258415147;9.347367872;0.505067502;17.77272727;0.629247998;;;;;;;;;;;;;;;;;;;;;;;;;;;;;;;;;;;;;;;;;;;;;;;;;;;;;;;;;;;;;;;;;;;;;;;;;;;;;;;;;;;;;;;;;;;;;;;;;;;;;;;;;;;;;;;;;;;;;;;;;;;;;;;;;;;;;;;;;;;;;;;;;;;;;;;;;;;;;;;;;;;;;;;;;;;;;;;;;;;;;;
73;storbacksjon_slu;Stor-Backsjön;l100e72_GGTTATGC-GGTTCAAA_L001_R1_001.fastq.gz;72_S69_L001_R1_001.fastq.gz;Barcode-183-Heli-l100a72_S182_L001_R1_001.fastq.gz;72_S69_L001_R1_001.fastq.gz;Lake_72_S67_L001_R1_001.fastq.gz;116;SE695220-143383;6949478;475083;SWEREF 99 TM;Sjö;Sötvatten;NMÖ;Sjöar trendstationer;Jämtlands län;Berg;13.8.2014;2014;8;13;0.5;0.5;27;1.725;0.325;0.117;0.088;30;0.199;0.258;0.019;0.17;450;0.0069;4.9;3.34;0.042;39;0.04;20;;7.02;;1.2;2.9;0.035;;11.4;370;10;1.7;;62.67452;14.5256;2.09;2.5775;0.0175;0;0;0;1.4875;0.2175;0.746847721;0;0.142580019;0.006789525;1.233253589;18.24455636;0.900321761;15.13157895;0.348938041;;;;;;;;;;;;;;;;;;;;;;;;;;;;;;;;;;;;;;;;;;;;;;;;;;;;;;;;;;;;;;;;;;;;;;;;;;;;;;;;;;;;;;;;;;;;;;;;;;;;;;;;;;;;;;;;;;;;;;;;;;;;;;;;;;;;;;;;;;;;;;;;;;;;;;;;;;;;;;;;;;;;;;;;;;;;;;;;;;;;;;
74;storalummer_slu;Stora Lummersjön;l100e74_TAGGCAAG-GGTTCAAA_L001_R1_001.fastq.gz;74_S70_L001_R1_001.fastq.gz;Barcode-184-Heli-l100a74_S183_L001_R1_001.fastq.gz;74_S70_L001_R1_001.fastq.gz;Lake_74_S68_L001_R1_001.fastq.gz;102;SE644463-139986;6441770;447338;SWEREF 99 TM;Sjö;Sötvatten;NMÖ;Sjöar trendstationer;Västra Götalands län;Tidaholm;25.8.2014;2014;8;25;0.5;0.5;29;2.8;0.916;0.374;0.287;82;0.142;0.169;0.146;0.07;4700;0.0171;7.6;4.44;0.067;140;0.158;9;3;6.6;;4.3;1;0.063;8.5;10.3;310;10.4;5;17.2;58.11459;14.10381;0.06;1.975;0;0.1275;0;0;1.5275;0;0.774683544;0.064556962;0.024050633;0;32.91666667;21.25289559;4.774316828;27.18446602;1.530413163;;;;;;;;;;;;;;;;;;;;;;;;;;;;;;;;;;;;;;;;;;;;;;;;;;;;;;;;;;;;;;;;;;;;;;;;;;;;;;;;;;;;;;;;;;;;;;;;;;;;;;;;;;;;;;;;;;;;;;;;;;;;;;;;;;;;;;;;;;;;;;;;;;;;;;;;;;;;;;;;;;;;;;;;;;;;;;;;;;;;;;
75;storaskarsjon_slu;Stora Skärsjön;l100e75_TTGTCCAT-GGTTCAAA_L001_R1_001.fastq.gz;75_S71_L001_R1_001.fastq.gz;Barcode-185-Heli-l100a75_S184_L001_R1_001.fastq.gz;75_S71_L001_R1_001.fastq.gz;Lake_75_S69_L001_R1_001.fastq.gz;73;SE628606-133205;6282493;381448;SWEREF 99 TM;Sjö;Sötvatten;NMÖ;Sjöar trendstationer;Hallands län;Halmstad;11.8.2014;2014;8;11;0.5;0.5;29;0.5;0.074;0.027;0.021;5;0.147;0.176;0.329;0.08;86;0.0124;3.6;7.38;0.149;78;0.304;6;2;7.08;;2.5;3.2;0.136;8.61;4.2;215;6.4;1.3;22;56.67478;13.07113;0.33;45.3275;11.5525;1.055;0.255;0;9.11;4.83;0.376482268;0.023275054;0.291930947;0.254867354;137.3560606;34.57600065;10.69645881;11.9047619;2.140998188;;;;;;;;;;;;;;;;;;;;;;;;;;;;;;;;;;;;;;;;;;;;;;;;;;;;;;;;;;;;;;;;;;;;;;;;;;;;;;;;;;;;;;;;;;;;;;;;;;;;;;;;;;;;;;;;;;;;;;;;;;;;;;;;;;;;;;;;;;;;;;;;;;;;;;;;;;;;;;;;;;;;;;;;;;;;;;;;;;;;;;
76;storaskarsjonb_slu;Stora Skärsjön;l100e76_TCTAGGCA-GGTTCAAA_L001_R1_001.fastq.gz;76_S72_L001_R1_001.fastq.gz;Barcode-186-Heli-l100a76_S185_L001_R1_001.fastq.gz;76_S72_L001_R1_001.fastq.gz;Lake_76_S70_L001_R1_001.fastq.gz;1739;SE633738-142203;6334843;470770;SWEREF 99 TM;Sjö;Sötvatten;NMÖ;Sjöar trendstationer;Kronobergs län;Växjö;20.8.2014;2014;8;20;0.1;0.1;28;3.209;0.717;0.284;0.224;260;0.03;0.125;0.177;0.08;920;0.0155;20;4.66;0.087;76;0.185;12;;5.98;;2.5;1.2;0.101;;16.6;548;19.9;1.5;17.2;57.16346;14.50993;0.28;3.1825;0;0;0;3.135;0;0;0;0;0.014925373;0;11.36607143;21.8355266;6.044374006;19.3313253;1.092231751;;;;;;;;;;;;;;;;;;;;;;;;;;;;;;;;;;;;;;;;;;;;;;;;;;;;;;;;;;;;;;;;;;;;;;;;;;;;;;;;;;;;;;;;;;;;;;;;;;;;;;;;;;;;;;;;;;;;;;;;;;;;;;;;;;;;;;;;;;;;;;;;;;;;;;;;;;;;;;;;;;;;;;;;;;;;;;;;;;;;;;
77;storatresticklan_slu;Stora Tresticklan;l100e77_CCATAGCA-ACTTCGAC_L001_R1_001.fastq.gz;77_S73_L001_R1_001.fastq.gz;Barcode-187-Heli-l100a77_S186_L001_R1_001.fastq.gz;77_S73_L001_R1_001.fastq.gz;Lake_77_S71_L001_R1_001.fastq.gz;100;SE655209-126937;6547594;315641;SWEREF 99 TM;Sjö;Sötvatten;NMÖ;Sjöar trendstationer;Västra Götalands län;Dals-Ed;13.8.2014;2014;8;13;0.5;0.5;28;0.533;0.096;0.037;0.028;180;0.083;0.019;0.137;;170;0.008;1;3.55;0.177;15;0.126;35;49;7.51;1;0.53;2.75;0.041;;4.8;265;3.4;0.86;18.7;59.02684;11.77877;1.29;3.4175;0.0575;0;0.0625;0;1.8675;0.3425;0.760058522;0;0.117044623;0.016825165;2.649224806;21.18927218;4.291414598;11.10416667;0.562200618;;;;;;;;;;;;;;;;;;;;;;;;;;;;;;;;;;;;;;;;;;;;;;;;;;;;;;;;;;;;;;;;;;;;;;;;;;;;;;;;;;;;;;;;;;;;;;;;;;;;;;;;;;;;;;;;;;;;;;;;;;;;;;;;;;;;;;;;;;;;;;;;;;;;;;;;;;;;;;;;;;;;;;;;;;;;;;;;;;;;;;
78;storasjo_slu;Storasjö;l100e78_GGTATAGC-ACTTCGAC_L001_R1_001.fastq.gz;78_S74_L001_R1_001.fastq.gz;Barcode-188-Heli-l100a78_S187_L001_R1_001.fastq.gz;78_S74_L001_R1_001.fastq.gz;Lake_78_S72_L001_R1_001.fastq.gz;86;SE631360-146750;6311612;516497;SWEREF 99 TM;Sjö;Sötvatten;NMÖ;Sjöar trendstationer;Kronobergs län;Uppvidinge;20.8.2014;2014;8;20;0.5;0.5;28;1.978;0.457;0.175;0.135;86;0.025;0.065;0.108;0.21;1200;0.0103;20;2.81;0.044;290;0.126;14;;6.06;1;0.78;2.2;0.047;;11.7;431;17.9;2;16.4;56.94399;15.27519;0.35;13.4775;0.2;0.06;0.0025;0;8.545;0.48;0.759970321;0.004451864;0.111296605;0.014839547;38.50714286;12.60600489;3.535821964;16.90598291;1.596675623;;;;;;;;;;;;;;;;;;;;;;;;;;;;;;;;;;;;;;;;;;;;;;;;;;;;;;;;;;;;;;;;;;;;;;;;;;;;;;;;;;;;;;;;;;;;;;;;;;;;;;;;;;;;;;;;;;;;;;;;;;;;;;;;;;;;;;;;;;;;;;;;;;;;;;;;;;;;;;;;;;;;;;;;;;;;;;;;;;;;;;
79;svartesjon_slu;Svartesjön;l100e79_GGTTATGC-ACTTCGAC_L001_R1_001.fastq.gz;79_S75_L001_R1_001.fastq.gz;Barcode-189-Heli-l100a79_S188_L001_R1_001.fastq.gz;79_S75_L001_R1_001.fastq.gz;Lake_79_S91_L001_R1_001.fastq.gz;72;SE630558-134327;6302132;392431;SWEREF 99 TM;Sjö;Sötvatten;NMÖ;Sjöar trendstationer;Hallands län;Hylte;18.8.2014;2014;8;18;0.5;0.5;29;6.92;1.856;0.836;0.687;220;-0.047;0.051;0.231;0.06;3000;0.0069;14;4.77;0.072;30;0.23;9;6;4.77;;2.2;0.3;0.041;5.82;29.2;890;17.3;2.1;16.6;56.85051;13.23621;0.03;6.175;0;0.015;0;0;3.03;0.0225;0.604048583;0.00242915;0.317004049;0;205.8333333;18.64678312;6.943036601;23.69863014;2.315620531;;;;;;;;;;;;;;;;;;;;;;;;;;;;;;;;;;;;;;;;;;;;;;;;;;;;;;;;;;;;;;;;;;;;;;;;;;;;;;;;;;;;;;;;;;;;;;;;;;;;;;;;;;;;;;;;;;;;;;;;;;;;;;;;;;;;;;;;;;;;;;;;;;;;;;;;;;;;;;;;;;;;;;;;;;;;;;;;;;;;;;
80;svartsjon_slu;Svartsjön;l100e80_TAGGCAAG-ACTTCGAC_L001_R1_001.fastq.gz;80_S76_L001_R1_001.fastq.gz;Barcode-190-Heli-l100a80_S189_L001_R1_001.fastq.gz;80_S76_L001_R1_001.fastq.gz;Lake_80_S73_L001_R1_001.fastq.gz;152;SE651609-140839;6513292;455007;SWEREF 99 TM;Sjö;Sötvatten;NMÖ;Sjöar trendstationer;Västra Götalands län;Töreboda;25.8.2014;2014;8;25;0.5;0.5;29;4.16;1.119;0.455;0.347;20;0.216;0.304;0.105;0.06;3900;0.0114;54;4.76;0.052;100;0.125;4;2;6.96;;6.2;0.7;0.029;7.8;20.8;764;37.3;6.9;16.1;58.75813;14.22158;0.07;12.23;0;1.415;0;0;8.0825;0;0.761242845;0.115699101;0.123058054;0;174.7142857;25.17468316;3.263812844;20;2.244807071;;;;;;;;;;;;;;;;;;;;;;;;;;;;;;;;;;;;;;;;;;;;;;;;;;;;;;;;;;;;;;;;;;;;;;;;;;;;;;;;;;;;;;;;;;;;;;;;;;;;;;;;;;;;;;;;;;;;;;;;;;;;;;;;;;;;;;;;;;;;;;;;;;;;;;;;;;;;;;;;;;;;;;;;;;;;;;;;;;;;;;
81;svartvattnet_slu;Svartvattnet;l100e81_TTGTCCAT-ACTTCGAC_L001_R1_001.fastq.gz;81_S77_L001_R1_001.fastq.gz;Barcode-191-Heli-l100a81_S190_L001_R1_001.fastq.gz;81_S77_L001_R1_001.fastq.gz;Lake_81_S74_L001_R1_001.fastq.gz;154;SE706672-167201;7066942;711727;SWEREF 99 TM;Sjö;Sötvatten;NMÖ;Sjöar trendstationer;Västerbottens län;Nordmaling;13.8.2014;2014;8;13;0.5;0.5;28;2.403;0.578;0.24;0.19;340;0.027;0.053;0.018;0.13;440;0.0062;4.5;1.54;0.022;11;0.054;8;3;6.03;1;2.2;1.2;0.023;;11.4;405;16.4;1;19.8;63.66711;19.27605;0.05;1.6075;0;0;0;0;1.085;0;0.777604977;0;0.127527216;0;32.15;6.961336205;0.747191092;21.07894737;1.520483533;;;;;;;;;;;;;;;;;;;;;;;;;;;;;;;;;;;;;;;;;;;;;;;;;;;;;;;;;;;;;;;;;;;;;;;;;;;;;;;;;;;;;;;;;;;;;;;;;;;;;;;;;;;;;;;;;;;;;;;;;;;;;;;;;;;;;;;;;;;;;;;;;;;;;;;;;;;;;;;;;;;;;;;;;;;;;;;;;;;;;;
82;svinarydson_slu;Svinarydsjön;l100e82_TCTAGGCA-ACTTCGAC_L001_R1_001.fastq.gz;82_S78_L001_R1_001.fastq.gz;Barcode-192-Heli-l100a82_S191_L001_R1_001.fastq.gz;82_S78_L001_R1_001.fastq.gz;Lake_82_S75_L001_R1_001.fastq.gz;69;SE622803-144609;6225833;496102;SWEREF 99 TM;Sjö;Sötvatten;NMÖ;Sjöar trendstationer;Blekinge län;Karlshamn;13.8.2014;2014;8;13;0.5;0.5;28;1.388;0.241;0.089;0.068;69;0.1;0.217;0.375;0.32;510;0.0139;11;7.49;0.095;55;0.335;11;;6.7;;;;0.084;;13.4;594;20.1;1.6;21.9;56.17363;14.94052;0.18;1.9275;0;0.5375;0;0;1.2;0.05;0.670557717;0.278858625;0.050583658;0;10.70833333;33.56789488;11.45273273;10.35820896;1.068495078;;;;;;;;;;;;;;;;;;;;;;;;;;;;;;;;;;;;;;;;;;;;;;;;;;;;;;;;;;;;;;;;;;;;;;;;;;;;;;;;;;;;;;;;;;;;;;;;;;;;;;;;;;;;;;;;;;;;;;;;;;;;;;;;;;;;;;;;;;;;;;;;;;;;;;;;;;;;;;;;;;;;;;;;;;;;;;;;;;;;;;
83;taftestrasket_slu;Täftesträsket;l100e83_CCATAGCA-TGACTTGC_L001_R1_001.fastq.gz;83_S79_L001_R1_001.fastq.gz;Barcode-193-Heli-l100a83_S192_L001_R1_001.fastq.gz;83_S79_L001_R1_001.fastq.gz;Lake_83_S76_L001_R1_001.fastq.gz;107;SE711365-171748;7114434;756591;SWEREF 99 TM;Sjö;Sötvatten;NMÖ;Sjöar trendstationer;Västerbottens län;Umeå;14.8.2014;2014;8;14;0.5;0.5;28;1.487;0.27;0.097;0.074;75;0.108;0.142;0.052;0.06;190;0.025;1.5;3.1;0.06;60;0.074;14;;6.98;;0.67;2.65;0.051;;10.1;331;8.1;1.1;20.6;64.05622;20.24378;2.22;41.115;2.0575;2.4325;0.075;1.9925;25.32;0.095;0.647695488;0.059163322;0.180955856;0.050042564;18.52027027;15.87821584;1.997772901;14.72277228;1.290485826;;;;;;;;;;;;;;;;;;;;;;;;;;;;;;;;;;;;;;;;;;;;;;;;;;;;;;;;;;;;;;;;;;;;;;;;;;;;;;;;;;;;;;;;;;;;;;;;;;;;;;;;;;;;;;;;;;;;;;;;;;;;;;;;;;;;;;;;;;;;;;;;;;;;;;;;;;;;;;;;;;;;;;;;;;;;;;;;;;;;;;
84;tangerdasjon_slu;Tångerdasjön;l100e84_GGTATAGC-TGACTTGC_L001_R1_001.fastq.gz;84_S80_L001_R1_001.fastq.gz;Barcode-194-Heli-l100a84_S193_L001_R1_001.fastq.gz;84_S80_L001_R1_001.fastq.gz;Lake_84_S77_L001_R1_001.fastq.gz;143;SE637120-145525;6369038;503572;SWEREF 99 TM;Sjö;Sötvatten;NMÖ;Sjöar trendstationer;Jönköpings län;Vetlanda;18.8.2014;2014;8;18;0.5;0.5;29;1.64;0.248;0.089;0.067;25;0.419;0.338;0.171;0.15;180;0.0596;16;8.08;0.219;130;0.187;15;14;7.34;;;1.2;0.097;9.1;14.6;891;33.4;3.1;18;57.46222;15.06425;0.14;1.8325;0.1175;0.015;0.0325;0;0.985;0.03;0.758526603;0.008185539;0.102319236;0.064120055;13.08928571;44.53440385;5.833480896;11.23287671;1.148888976;;;;;;;;;;;;;;;;;;;;;;;;;;;;;;;;;;;;;;;;;;;;;;;;;;;;;;;;;;;;;;;;;;;;;;;;;;;;;;;;;;;;;;;;;;;;;;;;;;;;;;;;;;;;;;;;;;;;;;;;;;;;;;;;;;;;;;;;;;;;;;;;;;;;;;;;;;;;;;;;;;;;;;;;;;;;;;;;;;;;;;
85;tangersjo_slu;Tängersjö;l100e85_GGTTATGC-TGACTTGC_L001_R1_001.fastq.gz;85_S81_L001_R1_001.fastq.gz;Barcode-195-Heli-l100a85_S194_L001_R1_001.fastq.gz;85_S81_L001_R1_001.fastq.gz;Lake_85_S78_L001_R1_001.fastq.gz;120;SE637121-151366;6369742;561955;SWEREF 99 TM;Sjö;Sötvatten;NMÖ;Sjöar trendstationer;Kalmar län;Hultsfred;13.8.2014;2014;8;13;0.5;0.5;28;0.988;0.133;0.046;0.035;26;0.086;0.13;0.128;0.12;82;0.0223;6.3;4.09;0.087;66;0.132;8;2;6.65;;0.21;3.45;0.073;;11.2;476;6.6;1.4;21.2;57.4633;16.03482;0.09;5.5925;0.0025;0.235;0;0;2.48;0.18;0.727760393;0.042020563;0.015198927;0.000447027;62.13888889;19.95359049;4.370661026;8.821428571;1.800296935;;;;;;;;;;;;;;;;;;;;;;;;;;;;;;;;;;;;;;;;;;;;;;;;;;;;;;;;;;;;;;;;;;;;;;;;;;;;;;;;;;;;;;;;;;;;;;;;;;;;;;;;;;;;;;;;;;;;;;;;;;;;;;;;;;;;;;;;;;;;;;;;;;;;;;;;;;;;;;;;;;;;;;;;;;;;;;;;;;;;;;
86;tarnan_slu;Tärnan;l100e86_TAGGCAAG-TGACTTGC_L001_R1_001.fastq.gz;86_S82_L001_R1_001.fastq.gz;Barcode-196-Heli-l100a86_S195_L001_R1_001.fastq.gz;86_S82_L001_R1_001.fastq.gz;Lake_86_S79_L001_R1_001.fastq.gz;119;SE660688-164478;6606900;690200;SWEREF 99 TM;Sjö;Sötvatten;NMÖ;Sjöar trendstationer;Stockholms län;Vallentuna;13.8.2014;2014;8;13;0.5;0.5;28;1.446;0.202;0.068;0.052;25;0.336;0.377;0.08;0.1;99;0.0172;15;6;0.096;58;0.121;6;;7.5;7;2.5;2;0.086;;13.9;653;14.8;3.4;22.8;59.56577;18.36049;1.06;53.1825;33.7975;1.155;1.1925;0.89;3.24;6.425;0.21313402;0.02171767;0.056926621;0.6355004;50.17216981;32.41016768;3.151973364;10.4028777;1.709033832;;;;;;;;;;;;;;;;;;;;;;;;;;;;;;;;;;;;;;;;;;;;;;;;;;;;;;;;;;;;;;;;;;;;;;;;;;;;;;;;;;;;;;;;;;;;;;;;;;;;;;;;;;;;;;;;;;;;;;;;;;;;;;;;;;;;;;;;;;;;;;;;;;;;;;;;;;;;;;;;;;;;;;;;;;;;;;;;;;;;;;
87;tomeshultagolen_slu;Tomeshultagölen;l100e87_TTGTCCAT-TGACTTGC_L001_R1_001.fastq.gz;87_S83_L001_R1_001.fastq.gz;Barcode-197-Heli-l100a87_S196_L001_R1_001.fastq.gz;87_S83_L001_R1_001.fastq.gz;Lake_87_S80_L001_R1_001.fastq.gz;99;SE629026-147562;6288378;524888;SWEREF 99 TM;Sjö;Sötvatten;NMÖ;Sjöar trendstationer;Kalmar län;Emmaboda;12.8.2014;2014;8;12;0.5;0.5;28;5.67;1.421;0.613;0.492;250;0.025;0.096;0.158;0.1;2400;0.0209;25;4.42;0.104;66;0.198;5;7;5.68;1;4.3;0.9;0.07;;26.2;729;33;1.9;20.6;56.7401;15.40913;0.09;9.1475;0.2375;0.0225;0;0;5.1325;0.1;0.669581853;0.002459688;0.237769882;0.025963378;101.6388889;22.49001779;5.185692886;21.64122137;2.011311942;;;;;;;;;;;;;;;;;;;;;;;;;;;;;;;;;;;;;;;;;;;;;;;;;;;;;;;;;;;;;;;;;;;;;;;;;;;;;;;;;;;;;;;;;;;;;;;;;;;;;;;;;;;;;;;;;;;;;;;;;;;;;;;;;;;;;;;;;;;;;;;;;;;;;;;;;;;;;;;;;;;;;;;;;;;;;;;;;;;;;;
88;tronntjarnarna_slu;Tronntjärnarna;l100e88_TCTAGGCA-TGACTTGC_L001_R1_001.fastq.gz;88_S84_L001_R1_001.fastq.gz;Barcode-198-Heli-l100a88_S197_L001_R1_001.fastq.gz;88_S84_L001_R1_001.fastq.gz;Lake_88_S81_L001_R1_001.fastq.gz;158;SE698860-135948;6984927;400320;SWEREF 99 TM;Sjö;Sötvatten;NMÖ;Sjöar trendstationer;Jämtlands län;Åre;9.8.2014;2014;8;9;0.5;0.5;27;0.116;0.019;;;18;0.049;0.037;0.008;;16;0.0033;;0.88;0.017;2.2;0.019;11;53;6.68;1;1.1;;0.017;;1.2;128;3.3;0.37;13.2;62.98037;13.03317;0.031;7.3325;0.2375;0.085;0;0;3.9475;0.5575;0.687009887;0.011592226;0.140811456;0.032390044;236.5322581;4.155178959;0.402642683;9.666666667;2.375722597;;;;;;;;;;;;;;;;;;;;;;;;;;;;;;;;;;;;;;;;;;;;;;;;;;;;;;;;;;;;;;;;;;;;;;;;;;;;;;;;;;;;;;;;;;;;;;;;;;;;;;;;;;;;;;;;;;;;;;;;;;;;;;;;;;;;;;;;;;;;;;;;;;;;;;;;;;;;;;;;;;;;;;;;;;;;;;;;;;;;;;
89;tvaringen_slu;Tväringen;l100e89_CCATAGCA-TAGGACCT_L001_R1_001.fastq.gz;89_S85_L001_R1_001.fastq.gz;Barcode-199-Heli-l100a89_S198_L001_R1_001.fastq.gz;89_S85_L001_R1_001.fastq.gz;Lake_89_S82_L001_R1_001.fastq.gz;126;SE690345-149315;6901492;534982;SWEREF 99 TM;Sjö;Sötvatten;NMÖ;Sjöar trendstationer;Gävleborgs län;Ljusdal;18.8.2014;2014;8;18;0.1;0.1;28;0.999;0.167;0.06;0.045;26;0.148;0.133;0.035;0.09;97;0.0138;3.1;2.67;0.053;21;0.068;13;;6.94;1;3;3.5;0.031;;6.8;200;3.1;1.4;18.6;62.24113;15.69405;1.61;2428.402524;58.5475;521.352512;7.755;91.7575;847.612508;152.725008;0.545352347;0.214689495;0.056725561;0.024109471;1508.324549;14.3060281;1.310021035;14.69117647;3.178782636;;;;;;;;;;;;;;;;;;;;;;;;;;;;;;;;;;;;;;;;;;;;;;;;;;;;;;;;;;;;;;;;;;;;;;;;;;;;;;;;;;;;;;;;;;;;;;;;;;;;;;;;;;;;;;;;;;;;;;;;;;;;;;;;;;;;;;;;;;;;;;;;;;;;;;;;;;;;;;;;;;;;;;;;;;;;;;;;;;;;;;
90;ulvsjon_slu;Ulvsjön;l100e90_GGTATAGC-TAGGACCT_L001_R1_001.fastq.gz;90_S86_L001_R1_001.fastq.gz;Barcode-200-Heli-l100a90_S199_L001_R1_001.fastq.gz;90_S86_L001_R1_001.fastq.gz;Lake_90_S83_L001_R1_001.fastq.gz;87;SE661521-130182;6611064;347304;SWEREF 99 TM;Sjö;Sötvatten;NMÖ;Sjöar trendstationer;Värmlands län;Eda;19.8.2014;2014;8;19;0.5;0.5;28;1.134;0.201;0.073;0.056;71;0.047;0.091;0.076;0.06;150;0.0092;4.9;2.53;0.036;31;0.091;12;;6.48;;1.3;4.1;0.051;;7.6;292;7.4;0.82;18.3;59.61236;12.3002;0.55;1.4975;0.015;0.0125;0;0;0.895;0.02;0.716193656;0.008347245;0.133555927;0.010016694;2.722727273;11.69498131;2.674782774;14.92105263;0.570861221;;;;;;;;;;;;;;;;;;;;;;;;;;;;;;;;;;;;;;;;;;;;;;;;;;;;;;;;;;;;;;;;;;;;;;;;;;;;;;;;;;;;;;;;;;;;;;;;;;;;;;;;;;;;;;;;;;;;;;;;;;;;;;;;;;;;;;;;;;;;;;;;;;;;;;;;;;;;;;;;;;;;;;;;;;;;;;;;;;;;;;
91;vastrasolsjon_slu;Västra Solsjön;l100e91_GGTTATGC-TAGGACCT_L001_R1_001.fastq.gz;91_S87_L001_R1_001.fastq.gz;Barcode-201-Heli-l100a91_S200_L001_R1_001.fastq.gz;91_S87_L001_R1_001.fastq.gz;Lake_91_S84_L001_R1_001.fastq.gz;117;SE655863-129783;6554474;344002;SWEREF 99 TM;Sjö;Sötvatten;NMÖ;Sjöar trendstationer;Västra Götalands län;Bengtsfors;12.8.2014;2014;8;12;0.5;0.5;28;0.55;0.079;0.03;0.023;36;0.248;0.185;0.112;0.06;;0.0109;1.7;4.87;0.142;;0.116;19;3;8.35;2;0.19;5.8;0.057;;5.5;224;2.1;0.2;20.1;59.08687;12.28105;1.85;9.6175;0.04;0.3225;0;0;4.1275;0.2975;0.550038991;0.033532623;0.179620483;0.004159085;5.198648649;26.23361291;3.752758546;10;0.79229702;;;;;;;;;;;;;;;;;;;;;;;;;;;;;;;;;;;;;;;;;;;;;;;;;;;;;;;;;;;;;;;;;;;;;;;;;;;;;;;;;;;;;;;;;;;;;;;;;;;;;;;;;;;;;;;;;;;;;;;;;;;;;;;;;;;;;;;;;;;;;;;;;;;;;;;;;;;;;;;;;;;;;;;;;;;;;;;;;;;;;;
92;vittrasket_slu;Vitträsket;l100e92_TAGGCAAG-TAGGACCT_L001_R1_001.fastq.gz;92_S88_L001_R1_001.fastq.gz;Barcode-202-Heli-l100a92_S201_L001_R1_001.fastq.gz;92_S88_L001_R1_001.fastq.gz;Lake_92_S85_L001_R1_001.fastq.gz;162;SE718150-168580;7181862;724058;SWEREF 99 TM;Sjö;Sötvatten;NMÖ;Sjöar trendstationer;Västerbottens län;Skellefteå;18.8.2014;2014;8;18;0.5;0.5;28;0.257;0.031;0.012;;12;0.17;0.137;0.019;0.1;11;0.0162;1.8;2.71;0.054;5.7;0.051;11;;7.23;;1;5.75;0.053;;3.2;144;3.1;0.43;17.5;64.69287;19.66329;1.98;0.95;0;0.0475;0;0;0.72;0;0.878947368;0.05;0.065789474;0;0.47979798;13.90979488;1.087704646;8.03125;0.17020243;;;;;;;;;;;;;;;;;;;;;;;;;;;;;;;;;;;;;;;;;;;;;;;;;;;;;;;;;;;;;;;;;;;;;;;;;;;;;;;;;;;;;;;;;;;;;;;;;;;;;;;;;;;;;;;;;;;;;;;;;;;;;;;;;;;;;;;;;;;;;;;;;;;;;;;;;;;;;;;;;;;;;;;;;;;;;;;;;;;;;;
93;vuolejaure_slu;Vuolejaure;l100e93_TTGTCCAT-TAGGACCT_L001_R1_001.fastq.gz;93_S89_L001_R1_001.fastq.gz;Barcode-203-Heli-l100a93_S202_L001_R1_001.fastq.gz;93_S89_L001_R1_001.fastq.gz;Lake_93_S86_L001_R1_001.fastq.gz;161;SE698561-139682;6982406;437675;SWEREF 99 TM;Sjö;Sötvatten;NMÖ;Sjöar trendstationer;Jämtlands län;Berg;9.8.2014;2014;8;9;0.5;0.5;28;0.109;0.016;;;16;0.041;0.021;0.01;;;0.0036;;0.81;0.026;0.6;0.019;9;4;6.62;1;0.67;8;0.017;;1.4;75;2.3;0.36;16.9;62.96421;13.77777;0.44;5.445;0.9675;0;0;0;1.84;0.345;0.463728191;0;0.294306703;0.17768595;12.375;4.104579979;0.459060172;7.785714286;1.126293791;;;;;;;;;;;;;;;;;;;;;;;;;;;;;;;;;;;;;;;;;;;;;;;;;;;;;;;;;;;;;;;;;;;;;;;;;;;;;;;;;;;;;;;;;;;;;;;;;;;;;;;;;;;;;;;;;;;;;;;;;;;;;;;;;;;;;;;;;;;;;;;;;;;;;;;;;;;;;;;;;;;;;;;;;;;;;;;;;;;;;;
94;ymsen_slu;Ymsen;l100e94_TCTAGGCA-TAGGACCT_L001_R1_001.fastq.gz;94_S90_L001_R1_001.fastq.gz;Barcode-204-Heli-l100a94_S203_L001_R1_001.fastq.gz;94_S90_L001_R1_001.fastq.gz;Lake_94_S87_L001_R1_001.fastq.gz;147;SE650398-139136;6500984;438132;SWEREF 99 TM;Sjö;Sötvatten;NMÖ;Sjöar trendstationer;Västra Götalands län;Mariestad;25.8.2014;2014;8;25;0.5;0.5;29;1.11;0.151;0.057;0.043;160;0.732;0.484;0.313;0.5;460;0.0753;51;13.1;0.383;180;0.371;6;4;7.93;3;0.66;0.3;0.127;8.9;17.4;1280;94.6;19;16.2;58.66937;13.96809;13.1;0.2525;0;0;0;0;0.1575;0;0.623762376;0;0.257425743;0;0.019274809;73.7116894;10.15142745;6.379310345;0.008291291;;;;;;;;;;;;;;;;;;;;;;;;;;;;;;;;;;;;;;;;;;;;;;;;;;;;;;;;;;;;;;;;;;;;;;;;;;;;;;;;;;;;;;;;;;;;;;;;;;;;;;;;;;;;;;;;;;;;;;;;;;;;;;;;;;;;;;;;;;;;;;;;;;;;;;;;;;;;;;;;;;;;;;;;;;;;;;;;;;;;;;
95;yngern_slu;N. Yngern;l100e95_CCATAGCA-GGAGACTT_L001_R1_001.fastq.gz;95_S91_L001_R1_001.fastq.gz;Barcode-205-Heli-l100a95_S204_L001_R1_001.fastq.gz;95_S91_L001_R1_001.fastq.gz;Lake_95_S88_L001_R1_001.fastq.gz;81;SE656206-159170;6561452;637680;SWEREF 99 TM;Sjö;Sötvatten;NMÖ;Sjöar trendstationer;Stockholms län;Nykvarn;6.8.2014;2014;8;6;24;24;27;0.616;0.072;0.025;0.019;23;0.273;0.321;0.135;0.18;38;0.0242;3.3;7.1;0.15;6.3;0.161;13;;7.35;;0.16;5.5;0.196;;6.8;366;10.2;0.77;;59.14499;17.38649;14.03;5.805;0.84;0;0.0075;0;3.24;0.23;0.765288544;0;0.059000861;0.144702842;0.413756237;35.97546102;5.848571958;9.058823529;0.150374534;;;;;;;;;;;;;;;;;;;;;;;;;;;;;;;;;;;;;;;;;;;;;;;;;;;;;;;;;;;;;;;;;;;;;;;;;;;;;;;;;;;;;;;;;;;;;;;;;;;;;;;;;;;;;;;;;;;;;;;;;;;;;;;;;;;;;;;;;;;;;;;;;;;;;;;;;;;;;;;;;;;;;;;;;;;;;;;;;;;;;;
96;medskossjon_jam;Medskogssjön;l100e96_GGTATAGC-GGAGACTT_L001_R1_001.fastq.gz;96_S92_L001_R1_001.fastq.gz;Barcode-206-Heli-l100a96_S205_L001_R1_001.fastq.gz;96_S92_L001_R1_001.fastq.gz;;;;;;;;;;;;;;;;;;;;;;0.213;;;;;;;;;;;;;;;;;;;;;;14.3;793;15.2;;;60.77777778;16.72722222;;;;;;;;;;;;;;;;;;;;;;;;;;;;;;;;;;;;;;;;;;;;;;;;;;;;;;;;;;;;;;;;;;;;;;;;;;;;;;;;;;;;;;;;;;;;;;;;;;;;;;;;;;;;;;;;;;;;;;;;;;;;;;;;;;;;;;;;;;;;;;;;;;;;;;;;;;;;;;;;;;;;;;;;;;;;;;;;;;;;;;;;;;;;;;;;;;;;;;;
98;klappsjon_jam;Kläppsjön;l100e98_GGTTATGC-GGAGACTT_L001_R1_001.fastq.gz;98_S93_L001_R1_001.fastq.gz;Barcode-207-Heli-l100a98_S206_L001_R1_001.fastq.gz;98_S93_L001_R1_001.fastq.gz;;;;;;;;;;;;;;;;;;;;;;0.116;;;;;;;;;;;;;;;;;;;;;;8;294;16.1;;;62.17166667;14.94277778;;;;;;;;;;;;;;;;;;;;;;;;;;;;;;;;;;;;;;;;;;;;;;;;;;;;;;;;;;;;;;;;;;;;;;;;;;;;;;;;;;;;;;;;;;;;;;;;;;;;;;;;;;;;;;;;;;;;;;;;;;;;;;;;;;;;;;;;;;;;;;;;;;;;;;;;;;;;;;;;;;;;;;;;;;;;;;;;;;;;;;;;;;;;;;;;;;;;;;;
99;liten_jam;Liten;l100e99_TAGGCAAG-GGAGACTT_L001_R1_001.fastq.gz;99_S94_L001_R1_001.fastq.gz;Barcode-208-Heli-l100a99_S207_L001_R1_001.fastq.gz;99_S94_L001_R1_001.fastq.gz;;;;;;;;;;;;;;;;;;;;;;0.039;;;;;;;;;;;;;;;;;;;;;;3;203;6.9;;;63.30888889;13.60138889;;;;;;;;;;;;;;;;;;;;;;;;;;;;;;;;;;;;;;;;;;;;;;;;;;;;;;;;;;;;;;;;;;;;;;;;;;;;;;;;;;;;;;;;;;;;;;;;;;;;;;;;;;;;;;;;;;;;;;;;;;;;;;;;;;;;;;;;;;;;;;;;;;;;;;;;;;;;;;;;;;;;;;;;;;;;;;;;;;;;;;;;;;;;;;;;;;;;;;;
100;hensjon_jam;Hensjön;l100e100_TTGTCCAT-GGAGACTT_L001_R1_001.fastq.gz;100_S95_L001_R1_001.fastq.gz;Barcode-209-Heli-l100a100_S208_L001_R1_001.fastq.gz;100_S95_L001_R1_001.fastq.gz;;;;;;;;;;;;;;;;;;;;;;0.045;;;;;;;;;;;;;;;;;;;;;;4.2;169;4.7;;;63.32722222;13.03277778;;;;;;;;;;;;;;;;;;;;;;;;;;;;;;;;;;;;;;;;;;;;;;;;;;;;;;;;;;;;;;;;;;;;;;;;;;;;;;;;;;;;;;;;;;;;;;;;;;;;;;;;;;;;;;;;;;;;;;;;;;;;;;;;;;;;;;;;;;;;;;;;;;;;;;;;;;;;;;;;;;;;;;;;;;;;;;;;;;;;;;;;;;;;;;;;;;;;;;;
101;haggsjon_jam;Häggsjön;l100e101_TCTAGGCA-GGAGACTT_L001_R1_001.fastq.gz;101_S96_L001_R1_001.fastq.gz;Barcode-210-Heli-l100a101_S209_L001_R1_001.fastq.gz;101_S96_L001_R1_001.fastq.gz;;;;;;;;;;;;;;;;;;;;;;0.049;;;;;;;;;;;;;;;;;;;;;;3.1;116;3.3;;;63.50833333;12.67972222;;;;;;;;;;;;;;;;;;;;;;;;;;;;;;;;;;;;;;;;;;;;;;;;;;;;;;;;;;;;;;;;;;;;;;;;;;;;;;;;;;;;;;;;;;;;;;;;;;;;;;;;;;;;;;;;;;;;;;;;;;;;;;;;;;;;;;;;;;;;;;;;;;;;;;;;;;;;;;;;;;;;;;;;;;;;;;;;;;;;;;;;;;;;;;;;;;;;;;;
102;annsjon_jam;Ånnsjön;l100e102_CCATAGCA-AGGTTACG_L001_R1_001.fastq.gz;102_S97_L001_R1_001.fastq.gz;Barcode-211-Heli-l100a102_S210_L001_R1_001.fastq.gz;102_S97_L001_R1_001.fastq.gz;;;SE702679-133966;7017923;377874;SWEREF 99 TM;Sjö;Sötvatten;NMÖ;;Jämtlands län;;;;;;;;;;;0.074;;;;;;;;;;;;;;;;;;;;;;5.4;289;10.3;;;63.31777778;12.54361111;;;;;;;;;;;;;;;;;;;;;;;;;;;;;;;;;;;;;;;;;;;;;;;;;;;;;;;;;;;;;;;;;;;;;;;;;;;;;;;;;;;;;;;;;;;;;;;;;;;;;;;;;;;;;;;;;;;;;;;;;;;;;;;;;;;;;;;;;;;;;;;;;;;;;;;;;;;;;;;;;;;;;;;;;;;;;;;;;;;;;;;;;;;;;;;;;;;;;;;
104;ratansjon_jam;Rätansjön;l100e104_GGTATAGC-AGGTTACG_L001_R1_001.fastq.gz;104_S98_L001_R1_001.fastq.gz;Barcode-212-Heli-l100a104_S211_L001_R1_001.fastq.gz;104_S98_L001_R1_001.fastq.gz;;;;;;;;;;;;;;;;;;;;;;0.083;;;;;;;;;;;;;;;;;;;;;;6.5;548;10.3;;;62.46388889;14.53694444;;;;;;;;;;;;;;;;;;;;;;;;;;;;;;;;;;;;;;;;;;;;;;;;;;;;;;;;;;;;;;;;;;;;;;;;;;;;;;;;;;;;;;;;;;;;;;;;;;;;;;;;;;;;;;;;;;;;;;;;;;;;;;;;;;;;;;;;;;;;;;;;;;;;;;;;;;;;;;;;;;;;;;;;;;;;;;;;;;;;;;;;;;;;;;;;;;;;;;;
105;svegsjon_jam;Svegsjön;l100e105_GGTTATGC-AGGTTACG_L001_R1_001.fastq.gz;105_S99_L001_R1_001.fastq.gz;Barcode-213-Heli-l100a105_S212_L001_R1_001.fastq.gz;105_S99_L001_R1_001.fastq.gz;;;;;;;;;;;;;;;;;;;;;;0.124;;;;;;;;;;;;;;;;;;;;;;6.3;261;9.2;;;62.03194444;14.28138889;;;;;;;;;;;;;;;;;;;;;;;;;;;;;;;;;;;;;;;;;;;;;;;;;;;;;;;;;;;;;;;;;;;;;;;;;;;;;;;;;;;;;;;;;;;;;;;;;;;;;;;;;;;;;;;;;;;;;;;;;;;;;;;;;;;;;;;;;;;;;;;;;;;;;;;;;;;;;;;;;;;;;;;;;;;;;;;;;;;;;;;;;;;;;;;;;;;;;;;
106;fagelsjon_jam;Fågelsjön;l100e106_TAGGCAAG-AGGTTACG_L001_R1_001.fastq.gz;106_S100_L001_R1_001.fastq.gz;Barcode-214-Heli-l100a106_S213_L001_R1_001.fastq.gz;106_S100_L001_R1_001.fastq.gz;;;;;;;;;;;;;;;;;;;;;;0.057;;;;;;;;;;;;;;;;;;;;;;6.2;449;8.9;;;61.79361111;14.64166667;;;;;;;;;;;;;;;;;;;;;;;;;;;;;;;;;;;;;;;;;;;;;;;;;;;;;;;;;;;;;;;;;;;;;;;;;;;;;;;;;;;;;;;;;;;;;;;;;;;;;;;;;;;;;;;;;;;;;;;;;;;;;;;;;;;;;;;;;;;;;;;;;;;;;;;;;;;;;;;;;;;;;;;;;;;;;;;;;;;;;;;;;;;;;;;;;;;;;;;
107;siljan_jam;Siljan;l100e107_TTGTCCAT-AGGTTACG_L001_R1_001.fastq.gz;107_S101_L001_R1_001.fastq.gz;Barcode-215-Heli-l100a107_S214_L001_R1_001.fastq.gz;107_S101_L001_R1_001.fastq.gz;;;;;;;;;;;;;;;;;;;;;;0.101;;;;;;;;;;;;;;;;;;;;;;6.3;315;12.7;;;60.97916667;14.57305556;;;;;;;;;;;;;;;;;;;;;;;;;;;;;;;;;;;;;;;;;;;;;;;;;;;;;;;;;;;;;;;;;;;;;;;;;;;;;;;;;;;;;;;;;;;;;;;;;;;;;;;;;;;;;;;;;;;;;;;;;;;;;;;;;;;;;;;;;;;;;;;;;;;;;;;;;;;;;;;;;;;;;;;;;;;;;;;;;;;;;;;;;;;;;;;;;;;;;;;
108;insjon_jam;Insjön;l100e108_TCTAGGCA-AGGTTACG_L001_R1_001.fastq.gz;108_S102_L001_R1_001.fastq.gz;Barcode-216-Heli-l100a108_S215_L001_R1_001.fastq.gz;108_S102_L001_R1_001.fastq.gz;;;;;;;;;;;;;;;;;;;;;;0.081;;;;;;;;;;;;;;;;;;;;;;6.7;391;16.5;;;60.68777778;15.11861111;;;;;;;;;;;;;;;;;;;;;;;;;;;;;;;;;;;;;;;;;;;;;;;;;;;;;;;;;;;;;;;;;;;;;;;;;;;;;;;;;;;;;;;;;;;;;;;;;;;;;;;;;;;;;;;;;;;;;;;;;;;;;;;;;;;;;;;;;;;;;;;;;;;;;;;;;;;;;;;;;;;;;;;;;;;;;;;;;;;;;;;;;;;;;;;;;;;;;;;
109;ljustern_jam;Ljustern;l100e109_TCGCCTTA-AATTCGCT_L001_R1_001.fastq.gz;109_S103_L001_R1_001.fastq.gz;Barcode-217-Heli-l100a109_S216_L001_R1_001.fastq.gz;109_S103_L001_R1_001.fastq.gz;;;;;;;;;;;;;;;;;;;;;;0.085;;;;;;;;;;;;;;;;;;;;;;9.6;396;12.5;;;60.33583333;15.73638889;;;;;;;;;;;;;;;;;;;;;;;;;;;;;;;;;;;;;;;;;;;;;;;;;;;;;;;;;;;;;;;;;;;;;;;;;;;;;;;;;;;;;;;;;;;;;;;;;;;;;;;;;;;;;;;;;;;;;;;;;;;;;;;;;;;;;;;;;;;;;;;;;;;;;;;;;;;;;;;;;;;;;;;;;;;;;;;;;;;;;;;;;;;;;;;;;;;;;;;
1;;Västersjön;l100easa1_CTAGTACG-AATTCGCT_L001_R1_001.fastq.gz;;Barcode-218-Heli-l100aasa1_S217_L001_R1_001.fastq.gz;Lake Västersjön;;;;;;;;;;;;;;;;;;;;;;;;;;;;;;;;;;;;;;;;;;;;;;;;;60.4897;18.0267;;;;;;;;;;;;;;;;;;;;;;;;;;;;;;;;;;;;;;;;;;;;;;;;;;;;;;;;;;;;;;;;;;;;;;;;;;;;;;;;;;;;;;;;;;;;;;;;;;;;;;;;;;;;;;;;;;;;;;;;;;;;;;;;;;;;;;;;;;;;;;;;;;;;;;;;;;;;;;;;;;;;;;;;;;;;;;;;;;;;;;;;;;;;;;;;;;;;;;;
10;;Tvigölingen;l100easa10_TGCCTCTT-AATTCGCT_L001_R1_001.fastq.gz;;Barcode-227-Heli-l100aasa10_S226_L001_R1_001.fastq.gz;Lake Tvigölingen;;;;;;;;;;;;;;;;;;;;;;;;;;;;;;;;;;;;;;;;;;;;;;;;;60.0772;17.388;;;;;;;;;;;;;;;;;;;;;;;;;;;;;;;;;;;;;;;;;;;;;;;;;;;;;;;;;;;;;;;;;;;;;;;;;;;;;;;;;;;;;;;;;;;;;;;;;;;;;;;;;;;;;;;;;;;;;;;;;;;;;;;;;;;;;;;;;;;;;;;;;;;;;;;;;;;;;;;;;;;;;;;;;;;;;;;;;;;;;;;;;;;;;;;;;;;;;;;
2;;Edasjön;l100easa2_TTCTGCCT-AATTCGCT_L001_R1_001.fastq.gz;;Barcode-128-Heli-l100a16_S127_L001_R1_001.fastq.gz;Lake Edasjön;;;;;;;;;;;;;;;;;;;;;;;;;;;;;;;;;;;;;;;;;;;;;;;;;59.80183;17.89965;;;;;;;;;;;;;;;;;;;;;;;;;;;;;;;;;;;;;;;;;;;;;;;;;;;;;;;;;;;;;;;;;;;;;;;;;;;;;;;;;;;;;;;;;;;;;;;;;;;;;;;;;;;;;;;;;;;;;;;;;;;;;;;;;;;;;;;;;;;;;;;;;;;;;;;;;;;;;;;;;;;;;;;;;;;;;;;;;;;;;;;;;;;;;;;;;;;;;;;
3;;Lötsjön;l100easa3_GCTCAGGA-AATTCGCT_L001_R1_001.fastq.gz;;Barcode-220-Heli-l100aasa3_S219_L001_R1_001.fastq.gz;Lake Lötsjön;;;;;;;;;;;;;;;;;;;;;;;;;;;;;;;;;;;;;;;;;;;;;;;;;59.8666;17.95;;;;;;;;;;;;;;;;;;;;;;;;;;;;;;;;;;;;;;;;;;;;;;;;;;;;;;;;;;;;;;;;;;;;;;;;;;;;;;;;;;;;;;;;;;;;;;;;;;;;;;;;;;;;;;;;;;;;;;;;;;;;;;;;;;;;;;;;;;;;;;;;;;;;;;;;;;;;;;;;;;;;;;;;;;;;;;;;;;;;;;;;;;;;;;;;;;;;;;;
4;;Norrsjön;l100easa4_AGGAGTCC-AATTCGCT_L001_R1_001.fastq.gz;;Barcode-221-Heli-l100aasa4_S220_L001_R1_001.fastq.gz;Lake Norrsjön;;;;;;;;;;;;;;;;;;;;;;;;;;;;;;;;;;;;;;;;;;;;;;;;;59.8136;17.9091;;;;;;;;;;;;;;;;;;;;;;;;;;;;;;;;;;;;;;;;;;;;;;;;;;;;;;;;;;;;;;;;;;;;;;;;;;;;;;;;;;;;;;;;;;;;;;;;;;;;;;;;;;;;;;;;;;;;;;;;;;;;;;;;;;;;;;;;;;;;;;;;;;;;;;;;;;;;;;;;;;;;;;;;;;;;;;;;;;;;;;;;;;;;;;;;;;;;;;;
5;;Ramsjön;l100easa5_CATGCCTA-AATTCGCT_L001_R1_001.fastq.gz;;Barcode-222-Heli-l100aasa5_S221_L001_R1_001.fastq.gz;Lake Ramsjön;;;;;;;;;;;;;;;;;;;;;;;;;;;;;;;;;;;;;;;;;;;;;;;;;59.8345;17.2195;;;;;;;;;;;;;;;;;;;;;;;;;;;;;;;;;;;;;;;;;;;;;;;;;;;;;;;;;;;;;;;;;;;;;;;;;;;;;;;;;;;;;;;;;;;;;;;;;;;;;;;;;;;;;;;;;;;;;;;;;;;;;;;;;;;;;;;;;;;;;;;;;;;;;;;;;;;;;;;;;;;;;;;;;;;;;;;;;;;;;;;;;;;;;;;;;;;;;;;
6;;Ryssjön;l100easa6_GTAGAGAG-AATTCGCT_L001_R1_001.fastq.gz;;Barcode-223-Heli-l100aasa6_S222_L001_R1_001.fastq.gz;Lake Ryssjön;;;;;;;;;;;;;;;;;;;;;;;;;;;;;;;;;;;;;;;;;;;;;;;;;59.8199;17.1595;;;;;;;;;;;;;;;;;;;;;;;;;;;;;;;;;;;;;;;;;;;;;;;;;;;;;;;;;;;;;;;;;;;;;;;;;;;;;;;;;;;;;;;;;;;;;;;;;;;;;;;;;;;;;;;;;;;;;;;;;;;;;;;;;;;;;;;;;;;;;;;;;;;;;;;;;;;;;;;;;;;;;;;;;;;;;;;;;;;;;;;;;;;;;;;;;;;;;;;
7;;Lumpen;l100easa7_CCTCTCTG-AATTCGCT_L001_R1_001.fastq.gz;;Barcode-224-Heli-l100aasa7_S223_L001_R1_001.fastq.gz;Lake Lumpen;;;;;;;;;;;;;;;;;;;;;;;;;;;;;;;;;;;;;;;;;;;;;;;;;59.9602;17.2796;;;;;;;;;;;;;;;;;;;;;;;;;;;;;;;;;;;;;;;;;;;;;;;;;;;;;;;;;;;;;;;;;;;;;;;;;;;;;;;;;;;;;;;;;;;;;;;;;;;;;;;;;;;;;;;;;;;;;;;;;;;;;;;;;;;;;;;;;;;;;;;;;;;;;;;;;;;;;;;;;;;;;;;;;;;;;;;;;;;;;;;;;;;;;;;;;;;;;;;
8;;Siggefora;l100easa8_AGCGTAGC-AATTCGCT_L001_R1_001.fastq.gz;;Barcode-225-Heli-l100aasa8_S224_L001_R1_001.fastq.gz;Lake Siggefora;;;;;;;;;;;;;;;;;;;;;;;;;;;;;;;;;;;;;;;;;;;;;;;;;59.97721;17.14584;;;;;;;;;;;;;;;;;;;;;;;;;;;;;;;;;;;;;;;;;;;;;;;;;;;;;;;;;;;;;;;;;;;;;;;;;;;;;;;;;;;;;;;;;;;;;;;;;;;;;;;;;;;;;;;;;;;;;;;;;;;;;;;;;;;;;;;;;;;;;;;;;;;;;;;;;;;;;;;;;;;;;;;;;;;;;;;;;;;;;;;;;;;;;;;;;;;;;;;
9;;Stora Hålsjön;l100easa9_CAGCCTCG-AATTCGCT_L001_R1_001.fastq.gz;;Barcode-226-Heli-l100aasa9_S225_L001_R1_001.fastq.gz;Lake Stora Hålsjön;;;;;;;;;;;;;;;;;;;;;;;;;;;;;;;;;;;;;;;;;;;;;;;;;59.99;17.0954;;;;;;;;;;;;;;;;;;;;;;;;;;;;;;;;;;;;;;;;;;;;;;;;;;;;;;;;;;;;;;;;;;;;;;;;;;;;;;;;;;;;;;;;;;;;;;;;;;;;;;;;;;;;;;;;;;;;;;;;;;;;;;;;;;;;;;;;;;;;;;;;;;;;;;;;;;;;;;;;;;;;;;;;;;;;;;;;;;;;;;;;;;;;;;;;;;;;;;;